,Age,Gender,Edu_Background,MaritalStatus,Emp_Dept,Emp_JobRole,Busi_Trav_Freq,Dist_From_Home,Emp_Edu_Level,Emp_Envi_Satisfaction,Emp_Hour_Rate,Emp_Job_Involvement,EmpJobLevel,EmpJobSatisfaction,Num_Comp_worked,OverTime,Last_Sal_Hike_Perc,Emp_Rel_Satisfaction,Tot_WorkExp,TrainingTimes_LastYear,EmpWork_LifeBal,Exp_At_ThisComp,Curr_Role_Exp,Since_LastPromo,Curr_Manager_Years,Attrition,Performance_Rating
0,32,1,3,2,4,18,2,10,3,4,55,3,2,4,1,0,12,4,10,2,2,10,7,0,8,0,2
1,47,1,3,2,4,18,2,14,4,4,42,3,2,1,2,0,12,4,20,2,3,7,7,1,7,0,2
2,40,1,5,1,4,18,1,5,4,4,48,2,3,1,5,1,21,3,20,2,3,18,13,1,12,0,0
3,41,1,0,0,2,11,2,10,4,2,73,2,5,4,3,0,15,2,23,2,2,21,6,12,6,0,2
4,60,1,3,2,4,18,2,16,4,1,84,3,2,1,8,0,14,4,10,1,3,2,2,2,2,0,2
5,27,1,5,0,5,17,1,10,2,4,32,3,3,1,1,0,21,3,9,4,2,9,7,1,7,0,0
6,50,1,3,1,4,14,2,8,4,4,54,3,1,2,7,0,15,4,4,2,3,2,2,2,2,0,2
7,28,0,5,2,5,17,2,1,2,1,67,1,1,2,7,1,13,4,10,4,3,7,7,3,7,1,2
8,36,0,5,1,5,17,0,8,3,1,63,4,3,1,9,0,14,1,10,2,3,8,7,0,5,0,2
9,38,0,5,2,5,17,2,1,3,3,81,3,3,3,4,1,14,4,10,4,4,1,0,0,0,0,2
10,44,1,4,2,5,17,0,24,3,1,49,1,1,3,2,0,14,3,9,5,3,5,2,1,4,0,2
11,47,0,4,0,4,18,1,3,3,4,49,3,4,3,9,1,12,4,28,2,2,22,2,11,13,0,2
12,30,1,3,0,4,18,2,27,5,3,99,3,2,4,7,0,23,4,10,2,2,8,7,7,7,0,0
13,29,1,5,2,4,14,2,10,3,3,99,3,1,3,1,0,11,3,1,6,3,1,0,0,0,0,2
14,42,1,4,0,5,17,1,19,3,3,57,4,1,3,6,1,12,4,7,2,3,2,2,2,2,1,2
15,34,0,4,2,5,17,2,8,2,2,96,3,2,3,3,0,11,4,10,2,3,5,1,4,3,0,2
16,39,0,0,1,2,9,2,3,3,3,44,4,2,2,9,0,15,3,12,3,1,8,3,3,6,0,2
17,56,1,4,1,5,17,2,9,3,3,81,3,4,4,7,0,11,3,30,1,2,10,7,1,1,0,2
18,40,0,4,2,5,17,2,2,1,4,86,2,1,4,0,1,20,4,5,2,2,4,2,2,3,0,0
19,27,0,4,2,5,17,2,7,3,4,55,2,2,1,8,0,19,1,9,2,1,7,6,0,7,0,2
20,29,1,3,0,4,14,2,10,3,4,83,3,1,2,1,0,14,4,2,2,3,2,2,2,2,0,2
21,53,1,5,2,5,17,2,6,3,4,86,3,2,4,2,0,17,4,19,4,3,2,2,2,2,0,2
22,35,0,5,0,5,12,0,2,4,4,61,3,2,1,2,0,11,1,16,2,4,1,0,0,0,0,2
23,32,1,5,1,5,17,1,24,4,1,80,3,2,4,1,0,15,4,10,2,3,10,8,4,7,0,2
24,34,0,5,0,5,17,2,8,5,2,32,3,2,1,3,0,14,3,7,3,3,0,0,0,0,0,2
25,52,1,3,1,4,11,2,3,4,3,31,2,4,1,1,0,11,1,34,3,4,34,6,1,16,0,0
26,33,1,1,2,5,17,2,1,4,4,63,3,1,4,1,1,13,3,10,2,2,10,9,7,8,1,2
27,25,0,4,2,4,18,2,26,1,3,32,3,2,4,1,0,23,2,6,5,2,6,5,1,4,0,0
28,45,1,2,2,4,14,2,2,2,2,46,1,2,3,0,0,13,1,9,3,3,8,7,3,1,0,2
29,23,1,4,2,5,17,2,10,1,1,79,4,1,3,1,0,18,4,2,3,3,2,2,0,2,0,2
30,47,0,5,2,4,18,1,27,2,2,77,4,2,3,4,1,12,4,8,2,3,5,4,1,3,1,2
31,34,1,1,2,4,18,2,2,3,4,60,3,2,4,1,0,22,3,6,5,3,6,5,1,4,0,0
32,36,1,5,2,4,18,0,8,4,1,76,2,3,1,1,0,15,2,10,1,3,10,7,0,9,0,2
33,52,1,4,1,5,17,0,19,4,4,41,3,1,4,0,0,18,1,5,3,3,4,3,1,2,0,2
34,26,0,5,0,5,17,1,1,2,1,71,1,1,4,3,0,14,1,5,2,3,2,2,2,0,0,2
35,29,0,4,1,5,17,2,27,3,2,66,3,2,3,4,0,12,1,11,3,2,8,7,1,1,0,2
36,26,1,2,2,4,18,2,8,3,4,38,2,2,1,6,0,17,3,6,2,2,4,3,1,2,1,2
37,34,0,5,2,5,17,2,1,4,2,72,4,1,4,2,0,16,3,10,2,3,4,2,1,3,0,2
38,54,0,4,0,5,17,2,19,4,4,95,3,2,1,9,1,11,2,9,4,3,5,3,1,4,0,2
39,27,1,3,1,4,18,1,8,1,3,84,3,2,4,0,0,19,2,5,3,3,4,2,1,1,0,2
40,37,0,5,0,5,17,2,10,1,4,82,3,1,1,0,1,13,2,6,3,2,5,3,4,3,0,2
41,38,0,5,2,5,17,1,2,4,1,75,4,2,1,6,1,12,4,17,2,3,15,7,4,12,0,2
42,34,0,4,2,5,17,2,2,4,3,86,2,1,1,1,0,11,3,6,3,3,6,5,1,3,0,2
43,35,0,5,1,4,14,2,8,4,1,72,3,1,4,1,0,16,2,3,1,2,3,2,0,2,0,2
44,40,0,4,1,5,17,1,2,2,3,38,4,2,2,1,0,24,4,8,2,3,8,7,3,7,0,0
45,34,0,5,1,4,18,2,8,2,3,93,3,2,1,5,0,17,2,6,1,3,3,2,1,2,0,2
46,24,1,5,0,5,12,0,9,3,3,60,2,1,2,1,0,11,3,1,4,3,1,0,0,0,0,2
47,52,0,5,1,5,12,2,11,4,4,82,3,2,3,8,0,20,2,9,3,3,5,2,1,4,0,0
48,50,1,4,1,5,17,2,2,3,3,64,3,4,3,5,0,16,4,30,3,3,4,3,0,3,0,2
49,29,0,5,1,5,17,2,1,2,2,36,2,1,1,1,1,11,4,1,1,3,1,0,0,0,1,2
50,33,1,4,1,5,17,2,7,3,3,49,3,3,3,0,0,11,4,14,3,4,13,9,3,7,0,2
51,33,0,3,2,4,18,2,16,3,1,69,3,2,1,5,0,15,3,6,3,3,3,2,0,2,1,2
52,47,0,1,1,5,17,2,2,2,3,33,3,4,4,1,1,11,3,26,3,2,26,14,3,0,0,2
53,36,0,1,1,5,17,2,1,3,3,35,3,2,2,0,0,15,1,10,2,3,9,7,0,5,0,2
54,29,1,5,1,5,12,2,23,2,3,81,4,1,3,1,0,24,3,10,3,3,10,7,0,7,0,0
55,35,0,5,2,5,12,2,1,4,4,40,4,1,3,3,0,13,3,7,0,3,2,2,2,2,0,2
56,42,0,5,1,5,17,2,1,2,4,43,2,2,4,9,1,13,4,8,4,3,4,3,0,2,0,2
57,28,1,4,2,5,17,2,2,4,3,46,3,1,3,6,0,17,4,5,3,2,2,2,2,1,1,2
58,36,1,0,1,2,9,2,13,3,3,36,3,1,2,4,0,13,2,8,2,3,5,2,0,4,0,2
59,40,1,4,2,5,17,1,16,4,1,51,2,2,3,6,0,14,4,10,6,3,1,0,0,0,0,2
60,30,0,4,2,5,17,2,2,3,3,52,2,2,4,5,1,24,2,12,4,2,0,0,0,0,0,0
61,45,0,5,2,5,17,2,2,3,2,95,2,1,3,1,0,14,4,1,3,3,1,0,0,0,0,2
62,42,1,5,1,5,17,2,29,3,2,98,3,2,2,1,0,13,4,10,3,2,9,8,7,8,0,2
63,38,1,5,0,5,17,1,12,3,1,45,2,2,1,2,0,15,3,13,3,2,4,3,1,2,0,2
64,49,0,3,1,4,18,2,11,3,3,43,3,3,4,1,0,18,1,9,3,4,9,8,7,7,1,2
65,55,1,4,2,4,18,2,2,1,3,37,3,2,4,4,0,16,3,12,3,2,9,7,7,3,1,2
66,43,1,5,1,5,17,2,14,2,2,94,3,4,1,6,0,24,3,22,3,3,4,1,1,0,0,2
67,27,1,2,0,5,17,2,5,1,3,42,2,3,4,1,1,16,2,9,3,3,9,8,0,8,0,2
68,35,1,1,2,5,17,2,7,3,3,59,3,3,3,3,0,21,2,17,3,4,8,5,1,6,0,0
69,28,0,3,1,4,18,2,2,4,2,81,3,2,2,1,1,20,1,8,2,3,8,7,7,5,0,2
70,26,0,4,1,5,17,1,5,2,3,88,2,1,3,1,1,14,1,8,2,3,8,7,1,7,1,2
71,27,1,4,1,5,17,0,3,3,4,50,3,1,4,1,0,11,3,0,6,2,0,0,0,0,0,2
72,51,0,3,1,4,11,2,26,4,1,66,3,4,3,2,0,14,3,29,2,2,20,6,4,17,0,2
73,44,1,4,2,5,17,2,4,3,4,50,3,2,2,9,0,12,4,10,2,2,5,2,2,3,0,2
74,25,1,4,2,5,17,2,2,1,1,65,4,1,1,7,0,13,3,6,3,2,4,3,0,1,0,2
75,35,0,4,2,5,12,2,27,1,3,53,2,1,1,1,0,11,4,6,3,2,6,5,1,1,0,2
76,36,1,5,1,4,18,2,1,2,2,56,3,2,4,1,1,14,4,18,1,2,18,14,4,11,0,2
77,53,0,3,1,4,18,2,7,2,1,78,2,3,4,7,1,18,4,35,3,3,5,2,0,4,0,2
78,45,1,3,0,4,18,2,9,3,4,74,3,3,1,4,1,12,3,18,2,3,5,4,0,2,0,2
79,32,0,4,1,5,17,2,8,2,3,91,4,2,3,5,0,12,3,9,3,2,5,3,1,3,0,2
80,37,1,3,0,4,18,2,16,4,4,66,2,2,3,4,0,19,4,9,2,3,1,0,0,0,0,2
81,28,1,4,0,2,9,2,8,2,2,63,2,1,4,1,0,13,4,6,6,3,5,1,0,4,0,2
82,22,1,5,1,5,12,2,1,2,4,33,2,2,4,6,0,22,1,4,2,1,2,2,2,2,0,2
83,44,1,5,1,5,17,2,8,4,1,62,4,1,4,2,1,24,3,10,2,2,3,2,0,2,0,2
84,42,1,4,2,5,12,1,2,1,2,35,3,1,4,5,1,14,4,8,2,3,2,1,2,2,0,2
85,36,1,5,1,2,9,2,8,3,1,77,2,1,1,0,0,21,3,6,3,3,5,4,0,3,0,2
86,25,1,1,1,4,18,2,3,1,3,98,3,2,1,1,1,18,4,5,3,3,5,3,0,3,0,2
87,35,0,5,0,5,17,1,25,4,4,96,3,1,2,1,1,19,1,10,3,2,10,2,7,8,1,2
88,32,1,5,0,5,17,0,1,3,4,61,3,1,4,0,0,12,2,4,2,3,3,0,0,2,0,2
89,49,0,2,1,0,5,2,1,3,3,36,3,1,1,2,0,16,2,7,2,3,4,2,0,2,0,2
90,24,1,5,1,5,12,0,4,1,1,46,2,1,4,0,0,17,4,6,2,2,5,2,3,4,0,2
91,32,1,5,1,4,18,1,5,2,2,48,3,2,2,1,0,14,4,10,3,3,10,8,5,3,0,2
92,38,1,3,1,4,14,2,9,3,2,98,2,1,2,0,0,19,4,3,3,3,2,2,1,2,0,2
93,31,1,5,1,5,12,2,11,4,4,48,3,1,4,3,1,19,2,8,2,3,6,4,0,2,0,2
94,53,1,3,1,4,18,2,8,3,1,73,3,4,4,5,0,14,3,28,3,3,2,0,2,2,0,2
95,37,0,4,1,4,14,1,21,2,3,54,3,1,4,5,0,15,2,10,3,3,5,4,0,0,0,2
96,53,0,5,2,5,17,2,23,4,4,72,3,4,4,6,0,18,3,33,0,3,12,9,3,8,0,2
97,43,0,5,1,5,17,1,1,3,4,33,3,2,4,4,0,13,2,12,2,2,5,2,2,2,0,2
98,47,0,3,1,4,18,2,2,2,3,35,3,2,4,0,1,22,1,8,2,3,7,6,7,7,0,0
99,37,1,4,2,4,18,0,19,2,1,32,3,3,2,1,1,13,4,10,2,3,10,0,0,9,0,2
100,50,1,5,0,5,17,0,2,4,1,98,3,4,1,1,0,11,4,31,3,3,31,6,14,7,0,2
101,39,0,5,1,2,9,2,2,3,4,42,2,2,4,8,0,11,3,13,2,3,5,4,0,4,0,2
102,33,1,0,0,2,9,2,3,2,4,57,3,1,2,3,1,11,3,7,4,4,4,3,0,3,0,2
103,32,1,5,2,5,17,2,25,4,1,87,3,1,4,1,1,24,3,1,2,1,1,0,0,1,1,2
104,44,1,5,1,5,17,2,9,2,2,61,3,1,1,1,1,13,4,8,0,3,8,7,7,1,0,2
105,58,1,5,0,5,17,1,2,1,4,57,2,1,4,9,1,14,4,3,3,2,1,0,0,0,1,2
106,20,0,4,2,4,14,2,2,3,3,49,2,1,3,1,0,13,4,2,3,2,2,2,0,2,1,2
107,21,0,1,2,0,5,2,18,1,4,65,3,1,4,1,0,19,1,1,3,2,1,0,0,0,1,2
108,36,1,5,1,0,5,2,14,1,3,68,3,2,4,0,1,17,1,17,2,2,16,8,4,11,0,2
109,47,0,5,2,4,14,2,2,4,4,65,2,1,4,1,1,18,1,3,3,2,3,2,1,2,0,2
110,22,0,5,1,5,17,2,3,1,2,34,3,2,3,0,1,19,1,4,3,4,3,2,0,2,1,2
111,28,0,4,0,5,17,2,9,3,3,77,3,1,3,5,0,18,2,6,2,3,2,2,2,2,0,2
112,39,1,4,1,5,12,2,6,3,4,70,3,1,1,7,1,21,4,8,2,1,2,2,2,2,1,2
113,27,0,5,2,5,17,2,4,3,2,76,3,1,3,1,0,19,3,1,2,3,1,1,0,0,0,2
114,34,1,5,0,5,17,2,10,3,2,83,3,1,2,1,0,14,2,1,3,3,1,0,1,0,0,2
115,42,0,4,2,4,18,2,14,2,3,68,2,2,3,7,0,17,1,10,6,3,5,4,0,3,0,2
116,33,1,1,2,5,12,2,1,4,3,100,2,1,1,3,1,11,2,6,1,3,3,2,0,2,0,2
117,58,0,2,0,5,12,2,5,3,3,37,2,3,2,2,1,13,4,24,3,3,6,0,0,4,0,2
118,31,1,5,1,4,14,2,7,4,2,41,2,1,3,3,0,15,2,13,2,4,7,7,5,2,0,2
119,35,0,5,1,5,12,2,21,1,4,51,3,2,4,1,1,25,4,10,2,1,10,6,0,7,0,2
120,48,1,4,1,0,5,2,20,4,4,51,3,1,3,4,0,17,1,13,2,2,0,0,0,0,0,2
121,31,0,3,1,4,18,0,20,2,4,45,3,2,3,1,0,13,4,9,2,2,9,8,0,0,0,2
122,36,1,1,2,5,17,2,7,4,2,65,3,1,4,2,0,18,3,8,6,3,6,2,0,1,0,2
123,38,0,2,1,5,12,2,1,3,4,80,3,3,1,1,0,13,2,15,3,3,15,12,5,11,0,2
124,32,0,5,1,5,12,0,1,3,3,70,2,1,2,6,0,20,3,5,3,3,3,0,0,2,0,0
125,25,1,3,1,4,14,2,19,2,3,36,2,1,2,1,1,18,3,1,2,3,1,0,0,0,1,2
126,41,1,4,2,5,17,2,6,3,4,59,3,1,1,2,1,13,3,20,3,3,18,13,2,17,0,2
127,36,1,4,2,5,17,2,2,4,3,79,3,1,3,4,0,21,3,16,6,3,11,8,3,9,0,0
128,19,1,1,2,4,14,2,21,3,4,37,2,1,2,1,1,13,2,1,3,4,1,0,0,0,1,2
129,20,1,2,2,5,17,2,4,3,1,84,3,1,1,1,0,19,2,1,2,3,1,0,0,0,1,2
130,31,0,4,1,5,17,2,12,3,4,41,3,2,4,0,1,11,3,10,2,1,9,7,8,5,0,2
131,36,1,5,1,4,18,2,3,1,3,51,2,3,4,1,1,11,1,16,6,3,16,7,3,7,1,2
132,37,1,5,1,4,18,2,1,4,1,46,2,3,3,5,0,11,3,17,2,1,14,1,11,7,1,1
133,45,1,5,1,5,17,0,4,2,3,57,3,2,2,1,0,12,2,9,5,2,9,7,0,8,0,2
134,29,0,2,1,4,14,1,20,3,3,84,3,1,4,1,0,15,2,3,5,3,3,1,0,2,0,2
135,35,0,4,1,4,18,2,18,3,3,86,3,2,3,1,0,16,2,5,3,3,5,2,1,0,0,2
136,52,1,5,1,5,12,2,1,2,4,70,3,4,4,2,0,15,2,26,2,2,9,8,7,8,0,2
137,53,1,4,0,4,11,2,2,2,3,45,3,4,3,6,0,13,3,22,3,4,17,13,15,2,0,2
138,30,1,1,0,4,18,2,8,2,3,62,3,3,3,5,0,11,1,10,2,4,8,4,7,7,0,2
139,35,1,5,0,4,18,2,3,4,4,92,3,3,4,6,0,13,2,12,2,3,10,9,0,8,0,2
140,39,1,5,2,4,18,2,2,5,1,41,4,3,3,0,0,18,4,9,3,3,8,7,0,7,0,2
141,40,0,5,2,4,18,0,24,3,2,100,4,4,2,4,1,16,4,22,2,2,1,0,0,0,1,2
142,47,1,4,0,5,12,1,16,4,3,64,4,2,3,1,1,19,3,20,3,4,19,10,2,7,0,2
143,36,1,2,0,4,18,0,8,4,1,84,3,2,4,4,0,13,4,12,3,3,7,7,0,7,0,2
144,31,1,4,2,5,17,0,9,2,3,46,2,1,1,0,1,22,1,4,0,3,3,2,1,2,1,0
145,33,1,5,2,4,11,0,17,3,4,38,3,4,3,1,0,11,4,10,2,3,10,8,6,0,0,2
146,29,0,5,2,5,17,2,10,3,4,92,2,1,1,6,1,20,3,3,5,3,0,0,0,0,1,0
147,33,0,5,2,5,17,2,13,1,2,53,3,1,4,3,0,18,1,5,4,3,3,2,0,2,0,2
148,45,0,4,0,5,17,2,1,4,4,91,3,1,4,3,0,14,4,8,2,3,5,3,0,2,0,2
149,50,1,4,0,5,12,2,1,2,4,66,3,4,4,9,0,22,3,32,1,2,5,4,1,3,0,0
150,33,0,1,1,5,17,1,1,4,3,84,4,2,2,1,1,13,1,6,2,3,6,5,1,2,0,2
151,41,1,4,0,5,17,1,9,3,1,64,3,5,3,2,0,17,2,21,2,4,18,16,0,11,0,2
152,45,1,5,1,5,17,0,23,2,4,42,3,2,1,1,1,15,3,9,2,3,9,8,0,8,0,2
153,47,0,5,2,4,18,2,4,2,4,83,3,2,4,1,1,17,3,9,0,3,9,0,0,7,0,2
154,30,0,5,1,5,17,2,22,3,1,48,3,1,3,4,1,11,2,7,2,3,5,2,0,1,1,2
155,50,1,5,1,5,17,2,24,3,4,95,3,4,3,3,1,18,4,22,2,3,12,11,1,5,0,2
156,38,1,4,1,3,2,1,10,1,3,66,3,1,3,0,0,17,2,3,0,2,2,1,0,2,0,2
157,35,1,1,0,3,13,2,14,4,3,39,2,1,2,1,1,24,4,5,2,1,4,2,0,2,1,2
158,31,0,5,1,3,7,1,1,1,3,96,3,2,1,1,0,12,3,4,1,3,4,3,0,3,0,2
159,18,1,5,2,3,15,0,5,2,2,73,3,1,4,1,0,15,4,0,2,3,0,0,0,0,0,2
160,54,0,2,1,3,2,2,17,3,3,56,3,3,3,8,0,11,3,22,2,3,10,7,0,8,0,2
161,35,0,4,0,3,6,2,25,4,3,57,3,3,3,1,1,11,3,16,3,2,16,10,10,1,0,2
162,30,0,5,1,3,4,2,8,2,2,73,4,3,1,0,1,12,3,9,4,2,8,7,1,7,0,1
163,26,1,4,1,3,2,2,2,2,4,32,4,2,4,1,0,12,2,8,2,3,8,7,1,3,0,2
164,22,1,5,1,3,13,2,8,1,2,94,1,1,1,1,0,15,1,4,3,2,4,3,1,1,0,1
165,48,1,5,2,3,6,2,6,3,1,97,2,2,3,2,0,13,4,19,0,3,2,2,2,2,0,1
166,48,1,5,2,3,2,2,4,4,3,78,2,3,3,7,0,14,2,27,3,3,15,11,4,8,0,2
167,41,0,4,2,3,7,2,7,2,4,42,3,2,3,6,0,14,2,8,6,3,2,2,2,1,0,2
168,39,0,5,1,3,7,2,1,1,4,65,2,4,4,1,0,16,3,21,3,3,21,6,11,8,0,2
169,27,0,5,1,3,2,2,2,4,1,47,3,2,4,0,0,18,2,4,2,3,3,2,2,2,0,1
170,35,1,1,0,3,13,2,10,3,2,45,3,1,4,1,0,20,1,3,4,2,3,2,1,2,0,1
171,42,1,3,1,4,11,2,5,2,4,90,3,5,3,6,0,13,2,21,3,4,1,0,0,0,0,0
172,50,1,5,1,3,13,2,9,3,1,64,3,1,4,4,0,18,2,8,5,3,1,0,0,0,0,2
173,59,0,5,2,3,7,2,2,3,3,69,2,4,4,3,1,13,1,30,4,3,5,3,4,3,0,2
174,55,1,4,1,3,6,1,18,4,3,62,3,2,2,3,1,14,4,17,3,3,8,7,6,7,0,2
175,41,0,5,0,3,4,0,7,1,2,55,1,5,3,1,0,22,2,21,3,3,21,16,5,10,0,1
176,38,1,5,2,4,18,2,3,4,2,42,3,2,4,8,1,12,3,19,1,3,1,0,0,0,0,2
177,26,1,4,2,4,18,0,29,2,2,79,1,2,1,8,0,18,4,7,6,3,2,2,2,2,1,1
178,52,0,3,1,4,11,2,2,1,1,57,1,5,4,1,0,15,4,33,3,3,32,14,6,9,1,1
179,44,0,4,1,4,18,2,28,3,4,53,4,4,4,3,1,18,3,23,2,3,12,11,11,11,0,2
180,50,0,5,1,4,18,0,1,3,4,95,3,2,3,0,0,12,1,19,3,3,18,7,0,13,0,2
181,39,0,4,2,3,7,1,22,3,4,82,3,3,1,1,1,13,3,21,2,3,21,6,2,8,0,2
182,33,0,5,2,4,14,0,8,1,2,88,2,1,4,0,0,19,4,3,2,2,2,2,2,2,0,1
183,45,0,5,1,4,11,2,11,2,4,90,3,4,4,3,0,13,2,26,4,4,9,3,1,1,0,2
184,32,0,4,2,3,2,0,29,4,4,69,3,1,3,9,0,12,2,10,2,3,8,7,7,7,0,2
185,34,1,3,0,4,18,2,1,4,2,75,4,2,4,0,0,11,4,16,2,2,15,1,0,9,0,2
186,59,1,2,1,4,11,2,1,2,2,66,3,3,4,3,1,14,3,14,1,1,6,4,0,4,0,2
187,45,1,4,2,2,9,2,24,4,2,36,3,1,2,1,0,16,1,6,3,3,6,3,0,4,0,2
188,36,1,1,0,3,13,2,15,3,1,81,3,2,3,7,0,14,2,9,3,2,1,0,0,0,1,2
189,26,1,5,1,3,15,1,2,3,1,57,3,1,1,6,1,14,2,6,2,3,3,2,1,2,1,1
190,28,1,4,1,4,14,2,10,1,4,74,3,1,2,1,0,22,2,1,5,3,1,0,0,0,0,0
191,38,1,1,1,3,2,1,3,4,3,44,3,1,3,3,0,16,1,8,2,3,2,2,2,2,0,2
192,50,1,4,1,3,2,2,2,4,2,62,3,5,3,2,1,11,4,29,2,2,8,1,7,7,0,2
193,37,0,1,2,3,6,2,3,3,4,35,3,2,2,3,0,15,1,8,3,2,4,3,0,1,0,2
194,40,1,3,1,4,18,2,26,3,3,74,3,2,1,1,0,14,2,8,3,2,7,7,7,5,0,2
195,26,0,4,0,3,15,1,1,1,1,66,2,1,3,1,0,13,3,5,5,3,5,3,1,3,0,1
196,54,0,5,1,4,18,2,2,4,3,41,2,3,3,6,0,11,2,13,4,3,9,4,7,0,0,2
197,56,0,4,1,3,2,1,9,3,1,63,3,1,3,2,0,19,2,18,4,3,5,4,0,3,0,2
198,36,0,4,2,3,7,2,12,5,4,51,2,3,4,0,0,11,2,15,2,2,14,8,7,8,0,2
199,55,1,4,2,3,11,0,2,1,3,40,2,4,1,7,0,15,2,31,3,4,9,7,6,2,0,0
200,43,1,4,0,4,18,2,25,3,3,79,2,3,4,5,0,13,3,18,5,3,1,0,0,0,0,2
201,20,0,3,2,4,14,1,9,3,4,54,3,1,4,1,1,14,2,2,3,3,2,2,0,2,1,2
202,21,0,5,2,3,2,2,10,3,3,36,2,1,1,1,0,13,1,1,6,2,1,0,1,0,1,2
203,46,0,5,0,3,2,2,8,4,4,74,2,2,1,8,1,23,1,19,2,3,16,13,1,7,0,0
204,28,1,2,2,3,2,0,24,2,2,72,2,3,1,1,0,12,1,10,2,2,10,7,1,9,1,1
205,26,1,4,1,3,13,2,1,2,1,59,2,1,1,1,0,16,1,6,2,3,5,3,1,3,0,1
206,30,1,1,1,3,2,2,20,3,3,85,3,2,1,0,0,15,3,7,1,2,6,2,0,2,0,2
207,38,0,5,1,3,6,2,17,1,3,65,2,3,3,0,0,18,1,20,4,2,19,9,1,9,0,2
208,40,1,2,1,3,2,2,20,4,1,61,3,3,4,4,0,20,4,14,6,3,11,10,11,1,0,1
209,27,1,5,1,3,2,0,8,5,1,87,1,1,3,1,0,19,4,3,4,3,3,2,1,2,0,1
210,55,1,5,1,3,16,1,2,1,4,65,3,3,2,3,0,18,2,23,4,3,3,2,1,2,0,2
211,44,1,4,1,2,9,2,1,2,2,91,2,3,1,9,0,14,4,24,1,3,20,6,3,6,1,1
212,33,0,4,2,3,15,1,29,4,1,54,2,2,3,1,0,22,2,14,4,3,13,7,3,8,1,1
213,34,1,5,2,3,6,1,3,1,1,45,3,2,4,0,0,17,3,7,1,2,6,2,0,4,0,2
214,25,1,2,1,3,16,2,4,1,4,32,3,1,4,1,1,15,2,7,3,4,7,7,5,6,1,2
215,26,1,4,0,3,16,2,21,3,1,37,3,1,3,1,0,20,3,1,0,2,1,1,0,0,1,0
216,42,1,4,1,3,11,2,2,2,4,35,3,4,1,0,0,17,4,23,3,3,22,6,13,7,0,2
217,28,1,4,0,3,16,1,1,3,1,45,2,1,2,1,0,15,1,1,2,3,1,0,0,0,1,2
218,50,1,1,2,4,18,1,1,4,4,81,3,2,3,3,1,14,4,5,4,3,0,0,0,0,1,2
219,33,0,5,1,4,18,1,7,3,4,30,3,2,2,0,0,17,3,4,3,3,3,2,0,2,0,2
220,34,1,5,1,3,15,0,3,4,3,40,2,1,4,3,0,17,4,6,2,3,0,0,0,0,0,2
221,48,1,4,2,3,16,0,1,4,1,35,4,4,4,2,0,22,3,27,3,2,5,4,2,1,0,1
222,45,0,5,1,4,18,0,9,4,2,65,2,2,3,1,0,13,4,15,2,3,15,10,4,12,0,1
223,52,1,5,2,3,6,2,7,4,2,87,3,3,2,7,0,19,4,18,4,3,8,6,4,0,0,1
224,38,1,3,0,4,18,2,10,4,3,73,2,3,3,0,1,14,2,9,2,3,8,7,2,7,0,2
225,29,0,5,0,3,16,2,28,4,3,93,3,1,4,4,0,22,1,11,1,3,7,5,1,7,0,0
226,28,0,4,0,3,7,2,3,3,4,93,3,3,2,0,0,17,2,10,3,2,9,7,1,7,0,2
227,46,1,3,1,4,11,2,3,1,1,52,3,4,3,3,0,12,4,23,3,3,12,9,4,9,0,1
228,38,1,3,2,4,18,2,2,2,4,32,3,3,2,7,0,16,3,10,2,3,1,0,0,0,0,2
229,39,1,5,0,3,6,1,2,3,1,84,3,4,4,7,0,11,4,21,4,3,18,7,11,5,1,1
230,40,1,4,2,3,16,2,14,3,3,44,2,5,3,1,0,14,1,21,2,4,20,7,4,9,0,2
231,39,1,5,2,3,13,0,9,3,3,70,3,2,2,9,0,15,3,9,2,2,5,4,0,3,0,2
232,36,1,5,2,3,7,0,18,4,1,78,3,2,4,2,0,20,1,18,0,3,11,9,0,9,0,2
233,31,1,5,1,4,14,1,20,3,3,67,4,1,4,0,0,12,1,3,4,3,2,2,2,2,0,2
234,28,1,5,1,3,16,2,2,1,1,67,2,1,2,0,0,17,1,6,2,1,5,3,0,4,0,2
235,35,1,3,0,4,18,1,11,2,4,54,3,2,4,1,0,11,4,5,3,3,5,2,0,2,0,2
236,49,1,2,1,4,18,2,8,4,4,56,2,4,2,6,0,17,2,22,3,3,9,8,2,3,0,2
237,34,1,5,2,3,16,1,2,2,4,95,3,2,3,2,0,11,4,5,3,2,3,2,0,2,0,2
238,29,0,5,0,3,15,1,10,3,4,61,3,1,2,0,0,14,4,8,2,2,7,5,1,1,0,2
239,42,1,4,2,3,13,2,29,3,2,56,1,2,4,4,0,19,1,16,3,3,1,0,0,0,0,2
240,29,1,4,1,3,7,2,8,1,2,79,2,2,4,1,1,15,3,10,2,2,10,7,1,2,0,1
241,28,1,5,0,3,15,1,6,3,3,39,2,1,3,1,1,14,4,3,2,3,3,1,0,2,0,2
242,18,1,4,2,3,13,0,8,1,3,80,3,1,3,1,0,12,4,0,0,3,0,0,0,0,1,2
243,33,0,3,2,4,18,2,9,4,1,77,3,2,1,0,1,17,1,6,3,3,5,2,0,3,1,2
244,41,1,5,1,3,13,2,12,4,2,46,3,1,4,3,1,11,1,6,4,3,1,0,0,0,0,2
245,31,1,4,1,3,13,1,15,3,3,72,3,1,3,1,0,12,3,2,5,2,2,2,2,2,1,2
246,37,0,4,0,3,6,2,25,2,3,52,2,2,4,7,0,13,3,9,2,3,6,2,1,3,0,2
247,27,1,5,1,3,15,2,6,3,4,55,2,1,3,1,0,13,3,4,0,3,4,2,2,2,0,2
248,34,0,5,1,4,18,2,9,1,2,70,3,2,3,1,0,20,1,6,3,2,6,5,1,3,0,1
249,35,1,2,2,2,9,2,8,4,3,100,3,1,3,1,0,17,2,6,2,1,5,4,1,4,0,1
250,29,0,5,1,4,18,2,23,1,4,45,2,3,1,1,0,13,1,11,3,1,11,8,3,10,1,1
251,40,0,4,2,3,4,1,9,4,2,88,3,3,3,9,0,17,3,20,3,2,18,7,2,13,0,1
252,42,1,5,2,4,18,1,12,3,3,44,3,4,1,0,1,12,2,22,2,2,21,9,13,14,1,2
253,42,1,3,2,4,18,2,4,4,2,45,3,2,1,7,0,13,4,9,3,4,6,4,1,5,0,0
254,24,1,4,2,3,13,2,24,3,4,49,3,1,2,8,0,22,4,6,2,3,4,3,1,2,0,0
255,28,0,5,1,3,16,2,12,1,3,79,3,1,4,1,1,11,4,1,4,2,1,1,0,0,1,2
256,26,1,4,1,3,16,2,3,4,1,82,4,1,4,1,0,22,2,8,2,3,8,7,0,7,0,2
257,30,1,3,1,4,18,2,10,3,3,72,2,2,3,1,0,18,1,10,3,3,10,3,1,4,0,2
258,40,0,4,1,3,15,1,26,2,3,92,2,2,4,3,1,13,4,16,3,1,1,1,0,0,0,2
259,35,1,5,0,3,7,2,2,3,3,44,2,3,2,2,0,18,2,15,2,4,7,7,6,4,0,2
260,34,1,4,2,3,6,1,1,3,4,97,2,2,1,0,0,20,3,14,3,3,13,9,4,9,0,0
261,35,1,1,1,3,13,1,4,4,4,47,2,1,4,1,0,13,2,2,2,4,2,2,2,2,0,2
262,43,0,3,2,4,18,2,9,3,1,85,1,2,3,8,0,13,2,7,2,2,4,3,1,3,1,1
263,32,0,5,0,4,14,0,2,1,3,76,3,1,1,1,0,12,3,1,3,3,1,0,0,0,0,2
264,56,0,2,0,3,11,2,4,4,4,92,3,5,1,4,0,13,4,28,2,3,5,2,4,2,0,2
265,29,0,4,1,3,16,2,6,1,2,54,3,1,4,1,0,13,1,10,5,3,10,8,0,8,0,2
266,19,1,5,2,3,15,2,9,2,3,54,3,1,1,1,0,25,3,1,4,3,1,1,0,0,0,0
267,45,0,4,1,3,16,2,7,3,1,83,3,1,3,4,1,19,3,7,2,2,3,2,0,2,0,2
268,37,0,5,1,3,7,2,1,3,4,56,2,2,4,1,0,13,2,14,2,2,14,8,3,11,0,2
269,44,1,5,2,3,16,2,10,4,3,96,3,1,3,1,1,11,3,6,4,3,6,4,0,2,1,2
270,53,0,4,0,3,16,2,7,2,4,50,3,5,3,3,0,18,2,26,6,3,7,7,4,7,0,2
271,22,1,5,1,3,16,1,3,4,3,48,2,1,4,0,1,11,2,1,5,3,0,0,0,0,1,2
272,46,0,3,1,4,11,2,2,3,3,69,3,4,1,8,0,23,1,28,2,3,26,15,15,9,0,0
273,44,1,5,2,3,15,0,17,3,4,74,1,1,3,2,0,13,4,6,3,3,0,0,0,0,0,2
274,33,1,0,1,2,9,2,2,3,2,99,3,1,3,1,0,13,4,5,2,3,5,4,1,4,0,1
275,30,1,5,0,4,18,2,29,4,3,61,3,2,1,8,0,19,3,8,3,3,4,3,0,3,0,2
276,40,1,4,1,4,18,1,2,4,2,62,3,2,2,5,0,12,4,5,2,3,0,0,0,0,0,2
277,50,0,4,1,3,16,1,2,3,4,30,3,4,1,2,0,22,3,32,3,3,2,2,2,2,0,0
278,46,1,5,1,3,16,2,15,2,4,52,3,5,2,5,0,11,1,25,2,3,4,2,0,3,0,2
279,35,1,5,1,4,18,2,17,4,3,94,3,2,1,3,1,15,4,15,2,3,7,7,1,7,0,2
280,24,0,5,1,3,13,2,17,2,4,97,3,1,2,1,0,13,1,1,3,1,1,0,0,0,1,2
281,33,0,4,1,4,18,1,25,3,2,82,3,2,3,1,0,12,1,10,3,2,10,7,0,1,0,2
282,36,1,5,0,3,13,2,6,4,3,60,1,1,3,1,0,14,3,7,4,3,7,7,1,7,0,2
283,44,1,1,2,3,15,2,29,4,4,32,3,2,4,1,0,25,2,20,3,3,20,11,13,17,0,0
284,42,1,4,1,2,9,0,2,5,4,79,4,2,1,7,0,16,1,10,3,4,4,3,0,3,0,0
285,32,0,1,1,3,13,1,13,3,3,77,2,1,2,1,0,20,3,2,2,3,2,2,2,2,0,0
286,32,0,5,2,3,16,1,2,2,4,38,3,2,3,4,1,14,4,10,2,3,8,7,0,7,0,2
287,36,0,2,0,3,7,2,1,3,3,77,1,3,1,2,1,21,3,17,2,3,7,7,7,7,0,0
288,33,1,4,1,3,15,2,9,3,1,60,3,1,4,0,0,13,2,15,5,3,14,10,4,10,0,1
289,25,1,5,2,4,18,2,10,4,3,57,3,2,4,0,0,14,2,5,4,3,4,3,1,1,0,2
290,42,0,4,1,3,4,1,26,5,1,60,3,3,1,3,1,17,3,20,6,3,1,0,0,0,0,2
291,27,1,5,1,3,16,2,14,3,1,42,3,1,1,1,1,14,4,9,3,2,9,7,6,8,0,1
292,54,0,5,0,3,7,1,1,4,4,53,3,3,3,7,0,17,1,33,2,1,5,4,1,4,0,2
293,44,0,5,1,3,16,2,2,1,1,72,4,1,4,1,0,13,4,10,5,3,10,5,7,7,0,1
294,19,0,4,2,3,15,0,10,3,1,96,2,1,2,1,1,25,2,1,2,4,1,1,0,0,1,0
295,54,1,5,1,3,4,2,3,3,4,85,3,4,4,3,0,14,1,36,2,3,10,9,0,9,0,2
296,31,1,4,1,3,16,2,11,2,3,80,3,2,1,1,1,12,4,6,2,2,6,5,0,1,0,2
297,43,1,5,1,3,4,2,3,3,3,96,1,5,4,3,0,14,2,25,2,3,8,7,0,7,0,2
298,49,1,4,1,3,16,2,4,2,1,85,2,5,3,2,0,13,3,23,2,4,1,0,0,0,0,2
299,36,1,2,1,3,15,1,3,3,3,46,3,1,2,1,0,12,3,12,2,2,11,10,0,7,0,2
300,48,1,2,2,3,13,2,2,2,4,76,4,1,2,5,0,11,3,7,4,2,1,0,0,0,0,2
301,29,1,5,0,3,16,2,7,3,3,82,3,2,4,1,1,11,2,6,2,3,6,0,1,0,0,2
302,48,1,5,2,3,4,2,1,3,4,76,2,5,4,6,0,12,3,25,3,4,1,0,0,0,0,0
303,29,0,5,0,3,4,2,1,3,4,87,2,4,4,3,0,14,2,9,2,2,7,7,1,7,0,2
304,44,1,3,1,4,11,2,5,3,2,88,3,5,2,7,0,11,3,26,5,3,22,9,3,10,0,1
305,23,1,5,1,3,15,2,1,2,4,47,3,1,3,1,0,22,4,1,2,3,1,0,0,1,0,0
306,26,1,5,2,3,15,2,4,2,3,53,3,1,4,1,1,20,2,8,2,2,8,5,2,2,0,0
307,45,0,3,2,4,11,2,2,3,1,94,1,5,2,2,1,16,1,26,2,3,24,10,1,11,1,1
308,55,1,4,0,3,6,0,8,1,4,37,2,4,2,1,1,15,4,34,3,3,33,9,15,0,0,2
309,21,0,5,2,3,13,1,10,2,1,45,2,1,3,1,0,20,3,2,2,1,2,2,2,2,1,1
310,46,0,3,1,4,11,2,4,2,4,33,2,5,2,2,0,14,3,26,2,3,11,4,0,8,0,2
311,34,0,3,2,4,18,2,2,3,3,86,3,2,1,0,1,12,4,4,3,3,3,2,0,2,0,2
312,51,1,5,0,4,11,1,9,3,4,83,3,5,2,4,1,24,1,31,5,2,29,10,11,10,0,0
313,59,1,4,2,3,16,2,18,4,4,67,3,3,4,6,0,12,4,25,6,2,9,7,5,4,0,2
314,34,0,4,0,3,13,1,19,3,3,46,3,2,2,4,0,13,3,15,2,4,11,8,5,10,0,2
315,28,1,4,2,3,13,1,1,4,4,44,3,1,3,0,1,11,3,5,2,2,4,2,0,2,0,2
316,44,1,5,0,3,16,2,4,2,3,92,4,5,1,1,0,14,4,26,4,2,25,9,14,13,0,2
317,34,1,5,1,2,9,1,11,3,3,56,2,2,2,4,0,11,4,14,5,4,10,9,1,8,0,2
318,35,1,5,1,3,15,2,6,1,3,66,3,1,3,0,1,14,4,4,3,3,3,2,2,2,0,2
319,42,0,4,1,3,15,2,7,4,2,78,4,2,2,6,1,16,4,18,2,3,1,0,0,0,0,2
320,43,0,3,2,4,18,2,4,4,4,56,2,3,4,3,0,14,4,23,3,4,21,7,15,17,0,2
321,36,0,5,2,3,7,2,2,4,3,53,3,2,2,9,1,11,4,18,2,3,16,14,5,12,0,2
322,28,1,5,1,3,13,1,2,3,4,52,2,1,4,1,1,12,2,2,2,3,2,2,2,2,0,2
323,51,0,4,2,3,13,1,6,2,2,40,2,1,3,0,0,14,2,8,6,2,7,0,7,7,0,2
324,30,0,4,2,3,7,0,9,2,3,72,3,2,3,7,1,18,3,10,3,3,8,4,1,7,0,2
325,29,0,2,0,3,13,2,7,3,2,39,3,1,3,3,1,13,1,10,2,3,7,7,7,7,1,1
326,28,1,2,2,3,15,2,1,3,4,84,3,1,1,2,0,11,2,5,2,2,3,2,1,2,0,2
327,25,0,4,2,3,15,2,1,3,4,40,3,1,2,1,0,18,4,2,3,2,2,2,2,1,0,2
328,32,1,4,1,4,18,2,8,3,3,56,4,2,4,1,0,15,3,10,4,4,10,7,0,8,0,2
329,45,0,4,2,3,11,1,25,3,2,83,3,5,2,3,0,22,3,22,4,3,0,0,0,0,0,0
330,39,0,4,0,3,11,2,13,4,3,94,2,4,2,6,1,13,4,21,4,3,19,9,15,2,0,2
331,58,1,5,0,3,15,2,23,4,1,88,3,1,3,1,0,12,4,2,3,3,2,2,2,2,0,1
332,32,1,5,1,3,16,2,7,2,4,79,3,2,3,1,0,18,1,10,3,3,10,4,1,1,1,2
333,36,0,2,1,3,6,2,10,4,4,63,3,3,3,3,0,12,1,10,0,3,7,7,1,7,0,2
334,46,0,5,2,2,9,2,1,2,4,44,3,1,1,6,0,12,3,10,3,4,7,6,5,7,0,2
335,28,0,5,1,3,16,0,1,3,3,55,1,2,4,0,0,11,1,10,6,3,9,8,7,5,0,2
336,50,0,5,1,3,16,2,28,3,4,43,3,4,1,4,1,11,2,25,2,3,3,2,1,2,0,2
337,40,1,3,2,4,18,2,25,4,4,57,2,3,2,2,1,12,3,9,2,3,5,4,1,0,1,2
338,52,1,5,2,4,18,2,5,3,2,64,3,3,2,9,1,19,3,10,2,2,8,7,7,7,1,1
339,31,0,5,0,4,18,0,2,4,4,57,3,3,3,1,1,19,1,10,5,2,10,8,9,6,0,2
340,41,1,4,2,4,18,0,10,2,3,40,1,2,2,1,0,13,1,19,4,3,19,2,11,9,0,2
341,55,0,4,1,3,11,2,2,2,4,58,1,5,3,4,0,14,4,23,5,3,19,9,9,11,0,2
342,56,1,5,2,2,11,2,8,4,4,99,3,5,2,6,0,14,1,36,4,3,7,3,7,7,0,2
343,40,1,5,0,3,15,0,16,2,3,74,3,1,3,9,0,16,2,6,0,3,4,2,0,0,0,2
344,34,1,5,0,3,6,2,9,3,4,86,3,3,4,0,0,11,4,10,0,2,9,7,1,6,0,2
345,41,0,3,0,4,18,1,1,3,3,66,3,2,1,0,0,17,4,10,2,3,9,3,1,7,0,2
346,35,1,5,2,3,15,1,4,4,3,87,3,2,3,1,1,11,2,9,3,3,9,6,1,1,0,2
347,51,1,5,0,2,11,2,5,3,3,84,3,4,2,1,1,11,2,33,2,3,33,9,0,10,0,2
348,38,0,5,0,4,18,2,2,2,2,31,3,2,1,3,0,15,4,11,3,3,7,7,1,7,0,1
349,34,0,4,2,4,18,2,15,2,3,66,3,2,1,1,0,12,4,10,6,4,10,8,9,6,0,2
350,25,1,4,1,3,13,2,19,1,4,67,3,1,4,3,0,11,3,7,6,2,3,2,1,2,0,2
351,58,0,4,1,3,7,2,7,4,3,53,2,3,1,7,1,14,4,31,0,2,10,9,5,9,1,2
352,40,1,5,1,3,13,2,1,4,2,88,3,1,2,3,0,22,3,7,3,3,4,2,0,3,0,2
353,36,0,3,1,4,18,1,7,3,1,83,4,2,1,2,0,16,4,17,2,2,15,7,6,13,0,1
354,48,1,5,2,3,7,2,4,3,4,54,3,3,4,1,0,11,3,11,2,3,10,9,0,8,0,2
355,27,0,4,1,4,14,2,11,3,3,98,4,1,4,8,0,14,2,5,4,3,1,0,0,0,0,2
356,51,0,2,2,3,16,2,11,2,4,82,2,4,2,3,0,16,2,29,1,2,5,2,0,3,0,2
357,18,0,5,2,3,16,0,1,3,4,97,3,1,4,1,0,15,3,0,5,4,0,0,0,0,0,0
358,35,0,4,1,3,13,2,1,3,4,60,2,2,4,0,0,12,2,10,0,3,9,7,0,0,0,2
359,27,1,5,2,4,18,1,2,1,4,43,1,2,4,3,0,20,2,8,3,3,6,2,0,0,0,0
360,55,1,3,2,4,18,2,13,4,1,85,4,4,3,6,1,17,3,24,2,2,19,7,3,8,1,1
361,56,1,5,1,3,16,2,23,3,4,68,3,4,2,4,1,12,1,33,0,3,19,16,15,9,0,2
362,34,0,2,0,3,15,0,26,1,1,92,2,1,3,1,0,20,3,5,2,3,5,4,0,0,0,2
363,40,0,4,0,3,16,2,2,1,2,89,4,2,3,5,0,20,2,15,0,3,12,11,11,8,0,1
364,34,1,4,1,3,13,2,29,3,2,86,3,2,3,4,0,13,1,10,1,3,8,7,7,7,0,1
365,31,0,5,2,4,14,1,2,3,3,90,2,1,4,7,0,14,3,3,3,4,1,0,0,0,1,2
366,38,1,5,0,3,15,1,7,3,4,57,4,1,3,1,0,11,4,4,2,3,4,2,0,3,0,2
367,34,0,2,2,3,6,2,2,4,3,98,3,2,4,1,0,11,4,14,2,4,14,11,4,11,0,2
368,28,1,5,1,4,18,2,26,3,3,48,2,2,1,1,0,11,3,5,0,3,5,3,0,4,0,2
369,39,1,5,1,4,18,2,21,4,1,44,2,2,4,3,1,12,4,8,2,4,5,4,1,4,0,1
370,51,1,3,1,4,18,1,2,3,2,52,3,3,2,2,0,11,2,14,5,3,4,2,3,2,0,1
371,41,0,5,0,3,16,1,22,3,4,75,3,2,4,3,1,14,1,12,4,2,6,2,3,3,0,2
372,33,1,5,1,4,18,1,5,1,2,61,3,2,4,6,0,13,1,8,2,4,5,4,1,2,0,1
373,32,1,3,1,4,18,2,2,1,3,36,3,2,2,0,1,13,1,4,3,2,3,2,1,2,0,2
374,39,1,5,1,3,16,0,25,2,3,71,3,3,3,3,0,21,2,13,2,3,6,4,0,5,0,0
375,25,1,5,1,4,18,2,18,1,1,93,4,2,3,2,0,11,2,6,3,2,3,2,1,2,0,1
376,52,0,4,1,3,7,1,28,2,4,59,4,4,3,2,1,11,2,24,3,2,5,3,0,2,0,2
377,43,0,4,2,3,15,2,6,3,1,73,2,2,3,1,1,14,1,20,3,1,20,7,1,8,0,1
378,27,0,3,1,4,18,2,10,3,4,98,2,2,4,1,1,11,4,6,3,3,6,2,4,4,0,2
379,27,0,5,2,3,15,2,17,4,4,51,3,1,3,1,1,13,4,8,2,3,8,2,7,7,1,2
380,26,1,4,2,3,15,2,2,1,1,36,2,1,4,0,0,12,4,5,2,3,4,3,1,1,0,2
381,42,0,0,1,2,11,2,10,3,3,31,3,4,1,0,0,14,3,21,5,3,20,7,0,9,0,2
382,37,0,4,2,3,16,2,11,3,1,94,3,1,3,4,0,18,1,8,6,3,3,2,0,2,0,2
383,35,1,5,2,3,7,1,18,2,3,60,3,3,4,2,0,11,3,10,2,3,2,2,2,2,0,2
384,25,1,2,1,3,13,2,1,3,1,81,3,1,4,4,0,11,2,7,2,2,3,2,0,2,0,2
385,29,1,1,2,2,9,2,17,3,2,51,2,3,1,1,0,13,1,10,3,2,10,9,0,9,0,2
386,49,1,5,2,3,16,1,28,2,1,97,2,2,1,3,0,20,1,20,2,3,4,3,1,3,1,2
387,54,0,4,2,3,4,2,1,3,4,54,3,4,4,6,0,19,4,29,3,2,20,7,12,7,0,2
388,58,0,4,1,3,16,2,1,3,4,76,3,5,1,3,1,21,3,32,3,3,9,8,1,5,0,0
389,36,0,3,2,4,18,2,3,4,1,99,3,2,2,3,1,16,4,15,3,3,5,4,0,1,0,2
390,31,0,5,2,4,14,1,1,4,2,50,1,1,3,1,0,12,2,1,3,3,1,0,0,0,1,2
391,30,0,3,0,4,18,2,7,4,4,73,3,2,1,7,0,14,2,8,3,3,3,2,0,2,0,2
392,31,0,5,2,3,4,2,8,5,1,93,3,4,2,3,0,11,3,9,3,4,3,2,1,0,0,2
393,34,1,1,0,3,15,1,1,4,4,91,3,1,1,5,0,14,3,10,2,3,4,3,1,3,0,2
394,31,0,5,2,3,15,2,8,3,1,34,2,1,2,1,0,12,3,1,3,4,1,0,0,0,1,2
395,27,1,5,1,3,16,2,11,1,2,91,3,1,1,0,0,14,2,6,3,4,5,0,1,4,0,2
396,36,1,5,2,3,13,2,4,4,1,37,2,2,4,1,0,16,3,10,2,2,10,4,1,8,0,1
397,47,1,2,1,3,15,2,1,3,1,74,3,1,4,7,0,12,3,17,2,2,6,5,1,2,0,1
398,25,1,5,1,4,14,2,9,2,1,68,2,1,1,3,0,12,1,6,2,3,3,2,2,2,1,1
399,37,1,2,2,3,16,0,5,2,3,84,4,1,3,0,0,14,1,7,2,1,6,5,1,3,0,2
400,56,0,5,1,3,16,2,1,2,1,90,3,1,1,2,0,22,4,5,3,4,3,2,1,0,0,0
401,24,0,4,1,4,18,2,4,1,4,42,3,2,3,1,1,12,3,5,3,3,5,4,0,3,0,2
402,34,0,5,1,3,13,2,1,3,4,86,2,1,2,5,0,17,1,7,2,2,5,4,0,2,0,2
403,41,1,4,1,3,16,2,5,5,2,90,4,1,3,2,1,12,1,7,5,2,4,2,0,3,0,2
404,40,1,1,0,3,13,0,9,4,3,81,3,2,3,3,0,11,3,11,2,4,8,7,0,7,0,2
405,31,1,5,0,4,18,2,8,2,1,31,3,3,4,1,0,18,1,13,5,3,13,7,9,9,0,1
406,39,0,5,2,3,13,0,2,3,1,54,2,1,1,2,1,23,2,11,2,4,1,0,0,0,1,0
407,31,0,5,2,3,16,1,1,5,3,100,4,3,2,1,0,11,1,10,2,3,10,8,4,7,1,2
408,45,1,4,0,3,16,2,20,3,2,95,1,3,1,2,1,18,2,24,2,3,7,7,0,7,0,2
409,31,0,4,2,2,9,2,8,2,4,96,4,1,2,9,0,18,4,8,3,3,3,2,0,2,0,2
410,45,1,2,1,3,16,2,29,3,2,55,3,3,4,4,1,18,4,10,4,4,3,1,1,2,0,2
411,34,0,2,1,2,9,2,9,4,1,52,3,1,3,1,0,15,4,2,0,3,2,2,2,2,1,1
412,40,1,4,0,3,4,0,8,1,4,55,2,3,2,2,0,11,3,16,5,3,9,8,4,8,0,2
413,44,1,5,2,3,13,0,5,3,3,90,2,1,3,3,0,14,4,7,5,3,5,2,0,3,0,2
414,49,1,2,1,3,16,2,5,4,1,96,3,2,3,2,0,14,2,20,0,2,3,2,1,2,0,1
415,40,1,4,0,3,15,2,2,3,3,68,3,1,3,2,0,14,3,8,3,4,3,1,1,2,0,0
416,44,1,5,2,3,16,2,20,3,4,49,3,1,2,1,0,13,3,6,3,2,5,2,1,3,0,2
417,33,1,4,1,4,18,1,7,3,4,54,3,2,1,0,0,14,1,5,2,3,4,3,0,3,0,2
418,34,1,1,2,4,18,2,3,3,4,81,1,2,1,3,0,18,4,15,2,3,13,9,3,12,0,2
419,30,1,5,1,4,18,2,16,1,4,96,3,2,3,8,0,15,3,4,2,2,2,1,2,2,0,2
420,42,0,4,2,3,13,1,9,2,1,74,3,1,4,1,0,13,3,12,3,3,12,9,5,8,0,1
421,44,0,3,1,4,18,1,1,5,1,79,3,2,3,7,0,12,3,11,4,2,1,0,0,0,0,2
422,30,1,2,0,3,15,0,7,3,3,64,3,1,3,1,0,13,2,1,2,2,1,0,0,0,0,2
423,57,1,5,1,3,15,2,1,2,2,93,4,2,3,0,0,24,1,13,2,2,12,9,2,8,0,1
424,49,1,5,0,3,16,2,7,4,3,35,3,3,2,3,0,14,2,29,3,3,8,7,0,7,0,2
425,34,1,4,0,3,4,1,15,3,2,71,3,4,1,7,0,14,4,16,3,2,14,8,6,9,0,1
426,28,1,2,1,4,14,1,1,3,1,92,3,1,3,3,0,15,4,5,3,4,3,2,1,2,1,1
427,34,0,4,2,4,18,2,24,4,1,40,2,2,2,0,1,23,3,16,2,4,15,9,10,10,1,1
428,35,1,5,1,4,14,2,7,1,4,76,3,1,3,1,0,13,1,1,3,3,1,0,0,0,0,2
429,24,0,5,1,4,14,0,13,2,4,78,3,1,2,1,0,13,3,1,2,3,1,0,0,0,0,2
430,44,1,4,2,3,16,1,2,1,2,86,3,3,3,5,1,18,2,16,2,2,2,2,2,2,0,1
431,29,1,5,0,4,18,2,19,3,3,77,2,2,3,1,0,14,3,10,3,3,10,7,0,4,0,2
432,55,1,5,1,3,16,2,4,4,4,30,3,2,3,0,1,16,2,4,2,3,3,2,1,2,0,2
433,33,0,4,1,3,16,2,4,4,1,82,2,1,2,8,0,11,4,8,5,3,5,4,0,2,0,2
434,47,0,4,1,4,18,2,14,3,3,78,3,2,3,3,1,17,3,11,4,2,5,4,1,2,0,2
435,28,1,4,2,3,13,1,2,2,3,38,2,1,1,7,0,11,3,8,2,2,0,0,0,0,1,2
436,28,1,5,0,3,16,2,1,3,1,72,2,1,3,1,0,14,4,1,2,1,1,0,0,0,0,2
437,28,1,5,2,4,18,1,7,3,3,55,3,2,1,0,0,14,4,5,5,3,4,2,1,3,0,2
438,49,0,4,1,3,13,2,3,2,3,43,2,2,1,4,0,25,1,10,3,3,3,2,1,2,0,0
439,29,0,5,1,3,13,1,2,1,4,97,3,1,2,0,0,13,3,4,3,3,3,2,0,2,0,2
440,28,1,5,1,3,16,2,29,1,3,96,1,2,2,1,0,14,2,8,2,2,8,6,1,7,0,2
441,33,1,5,2,3,6,2,8,5,4,69,3,2,3,2,1,17,1,14,6,3,0,0,0,0,0,2
442,32,1,4,2,3,11,2,10,3,3,64,3,3,4,2,0,25,2,10,5,4,5,2,0,0,0,2
443,54,0,4,0,3,16,1,11,4,2,87,3,4,4,3,0,20,1,26,2,3,14,9,1,12,0,1
444,29,1,2,2,3,15,2,1,4,1,100,2,1,1,6,0,13,3,11,2,1,9,7,0,7,1,2
445,46,0,5,1,4,11,2,3,3,3,51,3,4,2,8,0,12,4,23,2,4,13,12,5,1,0,2
446,35,0,5,2,3,16,2,16,3,4,91,2,3,2,1,0,19,4,11,3,1,11,8,3,3,0,2
447,23,1,5,2,3,13,2,20,1,1,97,3,2,3,0,0,14,2,5,2,3,4,3,1,2,0,1
448,40,1,5,2,3,13,2,9,4,4,86,3,1,1,3,0,14,2,15,3,1,5,4,1,0,1,2
449,34,1,2,1,4,18,2,1,3,4,64,2,3,3,1,1,14,4,10,3,3,10,9,8,6,0,2
450,50,1,4,2,3,4,1,22,5,3,88,1,4,4,1,1,13,4,32,2,3,32,6,13,9,0,2
451,42,1,4,1,3,16,2,2,3,3,68,2,1,2,4,0,14,2,4,3,3,1,0,0,0,0,2
452,37,1,4,1,3,15,2,13,3,1,47,3,2,4,1,0,17,1,10,2,3,10,8,3,7,0,1
453,29,0,1,1,3,6,2,8,1,3,39,1,2,1,3,0,13,3,9,3,3,7,7,0,7,0,2
454,33,1,5,2,3,7,2,25,3,4,44,2,2,2,1,0,13,4,5,2,3,5,3,0,2,0,2
455,45,1,2,1,3,15,2,28,3,4,97,3,1,4,4,0,20,4,8,3,3,5,4,0,3,0,0
456,42,1,5,1,3,6,1,2,3,4,40,3,3,4,2,1,14,3,24,3,1,20,8,13,9,0,2
457,40,1,4,1,4,18,2,9,2,1,47,3,2,1,0,0,12,4,9,5,4,8,4,7,1,0,1
458,33,1,5,1,3,13,2,28,4,2,79,3,2,3,1,1,12,2,15,3,3,15,14,5,7,0,1
459,40,1,4,2,2,11,2,6,2,3,38,3,4,4,1,1,21,4,21,2,3,21,7,7,7,0,0
460,24,1,2,0,3,13,2,21,2,3,57,2,1,1,0,0,14,2,2,3,3,1,1,0,0,0,2
461,40,1,5,0,3,16,0,8,2,4,72,3,2,4,3,1,18,3,8,2,3,2,2,2,2,0,2
462,45,1,2,0,3,6,2,1,4,1,66,3,3,2,1,0,12,1,10,4,3,10,8,7,7,0,1
463,35,0,5,1,4,14,2,28,4,2,98,2,1,3,0,0,23,1,6,5,3,5,3,4,2,0,1
464,36,1,5,2,4,14,2,2,4,3,70,3,1,4,3,1,21,4,7,3,2,3,2,1,2,0,0
465,48,0,5,0,4,18,2,16,4,3,96,3,2,3,8,0,14,3,18,2,3,8,7,7,7,0,2
466,33,1,5,1,4,18,2,8,4,1,46,3,2,1,2,0,13,4,8,6,1,2,2,2,2,0,1
467,30,1,5,1,4,18,2,1,3,2,64,2,2,1,1,0,11,4,10,4,3,10,8,6,7,1,1
468,38,1,0,1,2,9,1,10,4,3,71,3,2,3,3,0,11,3,10,2,3,6,3,1,2,0,2
469,30,1,2,1,4,18,2,29,4,3,33,3,3,2,3,0,12,2,9,3,3,4,2,1,3,0,2
470,35,0,5,0,3,13,2,2,3,1,69,3,1,1,1,1,12,4,1,2,3,1,0,0,0,1,2
471,53,0,2,1,3,7,2,2,5,3,78,2,3,4,0,0,16,2,34,4,3,33,7,1,9,1,2
472,38,1,4,1,3,7,2,2,3,3,81,3,2,2,4,0,11,1,7,2,3,5,2,1,4,1,2
473,48,0,1,1,3,16,2,15,4,3,65,3,1,1,8,0,12,4,10,3,2,8,2,7,6,0,2
474,34,1,4,2,3,15,2,7,4,1,35,3,1,4,1,0,13,3,1,4,1,1,0,0,0,0,2
475,55,1,3,1,4,11,2,26,5,3,60,2,5,4,1,0,21,3,36,3,3,36,6,2,13,0,0
476,34,1,5,1,3,16,2,1,4,2,45,3,2,4,9,0,17,2,9,3,2,2,2,2,1,0,1
477,38,1,5,1,4,18,2,14,3,3,80,3,2,2,0,0,11,4,10,3,3,9,8,7,7,0,2
478,36,0,5,2,4,18,2,1,4,2,73,3,2,3,6,0,13,1,15,5,3,1,0,0,0,0,2
479,29,1,4,2,3,16,2,3,1,2,87,3,1,1,1,1,18,4,10,3,3,10,9,1,5,0,1
480,35,0,4,2,3,6,2,10,4,1,51,3,2,3,3,1,16,3,10,4,3,5,2,0,4,0,2
481,39,1,4,1,4,18,2,6,3,4,38,4,3,3,2,0,11,1,11,3,3,7,6,7,6,0,2
482,29,1,5,0,1,10,1,2,1,1,87,3,2,4,1,0,19,4,6,0,4,6,4,1,3,0,1
483,50,1,3,1,4,11,2,9,3,3,59,3,5,3,4,1,16,3,27,2,3,1,0,0,0,0,2
484,23,1,2,1,1,10,2,10,3,4,45,4,1,3,2,0,16,4,4,2,3,2,2,2,2,0,2
485,35,1,5,1,1,10,2,28,3,2,46,4,2,3,1,0,17,4,10,3,2,10,9,6,8,0,1
486,34,1,2,1,1,10,1,10,4,4,92,2,2,3,1,0,14,2,8,3,2,8,2,7,7,0,2
487,43,1,2,0,1,10,2,27,3,4,87,4,1,2,5,0,12,3,8,0,3,6,4,0,2,0,2
488,28,1,4,1,1,10,2,24,3,3,51,3,1,2,1,1,17,3,1,3,3,1,1,0,0,1,2
489,22,0,1,1,1,10,0,26,2,2,85,2,1,3,1,1,14,2,4,2,2,4,2,1,3,0,1
490,50,1,4,1,1,10,1,20,5,2,41,3,4,3,2,1,15,3,32,3,3,30,8,12,13,0,1
491,32,0,1,1,1,10,2,5,4,2,35,4,1,4,3,0,17,4,6,3,3,3,2,0,2,0,2
492,44,0,4,0,1,10,2,7,3,2,31,3,5,4,0,1,14,4,23,4,2,22,7,1,10,0,1
493,30,1,4,1,1,10,2,7,3,2,48,2,1,2,1,0,12,2,6,3,2,6,4,1,1,0,1
494,45,0,4,2,1,10,2,5,5,3,50,1,2,1,1,1,14,1,10,3,3,10,7,1,4,0,2
495,45,1,3,1,4,18,0,26,3,1,52,2,2,1,1,0,15,1,10,2,3,10,7,4,5,0,1
496,31,1,1,2,4,18,1,2,4,4,54,3,2,1,7,0,13,4,10,3,3,5,2,0,3,0,2
497,36,0,5,1,1,10,2,12,4,3,76,3,2,3,9,1,12,2,7,2,3,3,2,1,1,0,2
498,34,1,5,0,1,10,1,10,4,3,42,4,2,4,1,0,13,1,9,3,3,9,7,7,2,0,2
499,49,0,5,1,1,10,2,25,4,3,84,3,1,1,1,0,14,4,10,3,2,9,6,1,4,0,2
500,27,1,1,0,1,10,2,19,3,4,67,2,1,1,1,0,11,1,7,3,3,7,7,0,7,0,2
501,35,1,5,1,1,10,2,18,5,2,48,4,2,1,1,0,11,4,16,2,3,16,15,1,10,0,1
502,28,0,4,0,1,10,2,27,3,2,39,1,2,1,0,0,21,2,6,5,2,5,3,0,0,0,2
503,21,1,4,2,1,10,2,5,1,3,97,3,1,4,1,0,18,3,3,2,3,2,2,2,2,0,2
504,18,0,4,2,4,14,1,3,2,2,70,3,1,4,1,1,12,3,0,2,4,0,0,0,0,1,2
505,47,0,5,1,2,11,2,26,4,4,98,3,5,3,3,0,11,3,27,2,3,5,2,1,0,0,2
506,39,1,4,0,1,10,2,3,2,3,76,2,2,3,0,0,15,4,11,3,3,10,8,0,7,0,2
507,35,0,5,1,1,10,0,8,4,3,52,3,2,3,1,0,12,4,15,5,3,14,11,2,9,0,2
508,37,1,5,1,1,10,2,19,3,3,85,3,2,3,3,0,17,1,9,2,2,4,3,0,2,0,2
509,39,0,4,2,1,10,1,4,3,1,81,3,2,3,0,0,13,4,10,2,1,9,2,3,8,0,1
510,38,0,4,1,1,10,2,2,2,4,54,2,3,3,3,1,19,4,10,6,4,5,4,0,2,0,2
511,37,0,4,1,1,10,2,10,3,2,71,3,1,2,1,0,11,1,8,2,1,8,4,7,7,0,1
512,40,0,5,2,1,10,2,16,3,3,84,3,3,4,6,1,15,4,18,2,2,4,2,3,3,0,2
513,44,1,0,1,2,9,1,1,5,1,37,3,2,4,4,1,11,3,14,3,3,10,7,0,2,0,2
514,35,1,4,0,4,18,2,15,2,1,59,1,2,4,6,1,14,4,7,2,2,2,2,2,2,1,1
515,24,0,2,2,1,10,1,2,1,1,32,3,1,4,1,1,13,3,6,2,3,6,3,1,3,0,1
516,27,0,4,1,1,10,2,8,3,2,86,4,1,3,7,0,17,1,5,0,3,3,2,0,2,0,2
517,27,1,4,2,1,10,1,2,3,4,87,3,1,4,2,0,13,3,6,0,2,4,2,1,2,0,2
518,25,1,5,0,1,10,1,2,1,4,77,4,2,3,1,0,17,3,7,6,3,7,7,0,7,0,2
519,39,1,4,1,1,10,2,12,3,4,66,3,2,2,4,0,21,3,7,3,3,5,4,1,0,0,0
520,49,0,1,1,1,10,2,22,4,1,72,3,4,2,3,0,16,2,27,2,3,4,2,1,2,0,1
521,50,0,5,0,1,10,2,17,5,4,50,2,3,1,5,0,15,3,19,3,3,14,11,1,11,0,2
522,20,0,4,2,4,14,2,2,3,3,31,3,1,3,1,0,19,1,2,3,3,2,2,2,2,0,2
523,34,0,5,0,1,10,2,3,3,4,66,3,2,2,1,0,12,3,11,2,3,11,8,7,9,0,2
524,36,1,5,2,1,10,2,7,3,1,77,3,1,2,2,0,11,3,15,4,3,4,3,1,3,0,1
525,49,0,5,1,1,10,2,6,1,3,41,2,4,3,2,1,19,2,30,3,3,15,11,2,12,0,2
526,36,0,4,1,1,10,0,1,4,4,33,2,2,3,0,0,15,3,4,6,3,3,2,1,2,0,2
527,36,1,5,0,1,10,2,3,2,4,79,4,2,1,6,0,20,1,13,3,3,5,4,0,4,0,0
528,54,0,4,1,1,10,2,22,5,2,91,3,4,3,3,0,25,3,36,6,3,10,8,4,7,0,1
529,43,1,5,1,1,10,2,15,2,3,65,2,4,3,1,0,24,1,14,3,3,14,10,6,11,0,0
530,35,1,1,2,4,18,1,12,4,4,36,3,2,4,3,1,24,1,13,2,4,11,9,6,7,1,0
531,29,1,4,0,4,18,2,5,3,1,43,2,2,2,1,1,13,2,10,3,2,10,0,0,9,0,2
532,33,1,4,0,4,18,2,2,4,4,93,3,2,4,1,0,14,3,6,5,3,6,2,0,4,0,2
533,32,1,4,0,1,10,2,2,3,4,45,3,2,2,0,0,13,3,10,4,2,9,5,1,6,0,2
534,31,0,5,1,4,18,2,5,4,1,67,3,2,4,1,0,11,1,10,2,3,10,0,0,2,0,2
535,49,0,4,0,1,10,2,16,3,4,74,3,1,1,4,1,16,2,17,2,2,2,2,2,2,0,2
536,20,1,5,2,4,14,2,9,1,4,54,3,1,1,1,0,11,1,2,3,3,2,2,0,2,0,2
537,33,0,5,0,4,18,0,16,3,3,36,3,2,4,1,1,25,3,7,2,3,6,5,1,2,0,0
538,36,1,5,1,1,10,2,26,4,1,80,3,2,3,6,0,14,2,10,2,2,3,2,0,2,0,2
539,44,0,5,0,2,9,2,1,3,3,44,3,1,4,4,1,18,1,8,2,3,2,2,2,2,0,2
540,23,1,4,2,1,10,2,8,1,4,93,2,1,3,1,1,11,1,5,2,3,5,4,1,2,1,2
541,38,0,4,1,1,10,2,4,2,4,87,3,1,3,7,0,19,4,7,5,2,0,0,0,0,0,2
542,53,1,4,1,1,10,2,24,4,2,48,4,3,4,3,0,15,3,11,2,3,4,3,1,2,0,1
543,48,0,4,1,4,14,1,7,2,4,95,3,1,3,2,1,11,3,19,3,3,9,7,7,7,1,2
544,32,1,5,2,1,10,2,2,4,4,95,3,1,2,1,0,12,1,1,2,3,1,0,0,0,1,2
545,26,1,4,2,1,10,0,7,3,4,76,3,1,4,1,0,20,3,7,5,3,7,7,5,7,0,0
546,55,1,2,0,1,10,2,22,3,1,94,2,1,2,5,0,12,4,8,1,3,4,2,1,2,0,1
547,34,1,4,1,3,16,2,5,2,2,57,2,2,4,1,0,14,3,15,3,4,15,10,4,13,0,1
548,60,1,4,0,3,6,2,1,4,3,92,1,3,4,3,0,20,3,19,2,4,1,0,0,0,0,0
549,37,1,4,0,4,18,1,1,4,3,31,1,2,4,1,0,14,3,6,2,2,6,3,1,3,0,2
550,34,0,5,1,3,15,2,19,3,2,35,2,1,4,1,0,12,2,10,3,3,10,9,8,7,0,1
551,44,0,5,1,3,6,2,2,3,3,96,4,3,4,1,1,19,2,9,2,3,8,7,6,7,0,2
552,43,1,4,1,4,18,2,2,3,4,73,3,2,4,1,1,17,1,10,3,3,10,9,8,8,0,2
553,29,0,4,1,3,16,2,9,4,4,43,3,1,3,9,0,17,3,9,2,3,5,3,1,2,0,2
554,36,0,5,2,4,14,2,2,4,3,51,3,2,4,3,0,15,3,17,2,2,13,7,6,7,0,2
555,45,1,5,1,3,16,0,1,1,3,74,2,3,3,3,0,23,4,25,3,2,23,15,14,4,0,0
556,26,1,4,1,3,13,2,17,4,4,62,1,1,3,1,0,15,3,3,3,4,3,2,0,2,0,2
557,45,0,2,2,3,16,2,28,2,4,48,2,4,2,1,0,11,3,21,2,3,21,6,8,6,0,2
558,31,1,5,1,3,13,2,2,4,2,69,3,1,3,1,0,14,4,6,2,4,5,2,0,3,0,2
559,41,1,0,1,2,9,0,4,3,3,60,1,2,2,6,0,19,2,10,4,3,3,2,1,2,0,2
560,40,0,5,1,3,7,2,8,2,2,92,3,2,1,2,1,16,2,18,3,3,1,0,0,0,0,2
561,24,1,4,0,3,13,2,29,1,2,91,3,1,1,1,0,13,2,6,2,4,6,2,1,2,0,1
562,46,1,5,2,3,6,2,13,4,3,34,3,2,2,6,0,14,4,19,3,3,10,7,0,9,0,2
563,30,1,5,1,3,15,2,16,1,2,33,3,1,4,1,0,12,2,10,2,2,10,0,0,8,0,2
564,47,1,3,1,4,18,0,2,4,3,87,3,2,2,7,0,11,4,4,3,1,1,0,0,0,0,2
565,46,1,5,0,4,18,2,2,3,3,74,3,3,4,4,1,12,2,13,5,2,10,6,0,3,0,2
566,36,1,3,0,4,18,2,13,5,2,96,2,2,1,5,1,13,2,16,3,3,2,2,2,2,1,1
567,32,1,5,2,4,18,2,1,2,1,34,1,2,2,6,0,15,2,10,2,3,0,0,0,0,1,2
568,31,0,2,2,3,7,1,24,1,4,30,3,2,4,2,0,20,4,9,3,2,5,4,1,4,0,0
569,39,1,5,1,3,13,0,1,3,4,77,3,2,4,1,1,15,4,9,2,3,9,8,5,8,0,2
570,32,1,5,1,4,18,2,19,3,4,80,1,3,3,3,0,13,3,10,2,1,4,3,0,2,0,2
571,40,1,4,2,4,11,2,7,4,2,88,3,5,2,1,0,14,2,21,3,2,21,8,12,8,0,1
572,45,0,5,1,2,9,2,4,3,3,56,1,3,3,4,0,21,3,9,2,4,5,0,0,3,0,0
573,30,0,2,2,3,16,1,2,4,4,78,2,1,1,0,0,16,4,10,2,3,9,7,0,7,0,2
574,24,1,4,1,2,9,1,10,3,1,59,3,1,4,0,0,14,4,3,2,3,2,2,2,1,0,1
575,30,0,0,0,2,9,1,8,3,3,66,2,1,4,6,0,11,3,6,0,2,4,2,1,2,1,2
576,31,1,2,1,4,18,2,5,3,1,51,3,2,3,1,0,19,3,6,3,3,5,2,0,2,0,0
577,27,0,4,2,3,16,2,8,3,3,67,3,1,4,1,0,11,3,6,5,2,6,2,1,4,0,2
578,29,0,3,2,4,14,2,9,3,2,52,1,1,2,1,0,13,3,2,3,3,2,2,2,2,1,1
579,29,1,5,2,3,6,1,1,3,4,70,4,2,3,8,1,12,4,10,5,4,3,2,0,2,0,2
580,30,1,3,0,4,18,2,15,2,3,94,2,3,1,2,0,11,1,12,2,3,7,7,1,7,0,2
581,34,1,4,1,3,15,2,2,4,4,97,4,1,4,0,1,14,1,6,3,3,5,0,1,2,0,2
582,33,0,3,2,4,18,0,2,3,4,62,3,2,2,8,0,15,4,13,2,2,11,7,1,7,0,2
583,49,0,3,2,4,18,2,11,4,4,80,3,2,4,3,0,12,3,8,1,4,5,1,0,4,0,2
584,33,0,5,2,4,18,2,16,3,1,74,3,3,1,2,1,20,3,11,2,2,0,0,0,0,1,0
585,38,0,4,1,3,13,1,2,2,3,75,2,1,2,4,0,14,2,9,4,2,6,1,0,5,0,2
586,32,1,2,2,3,15,0,5,4,2,65,3,1,2,2,0,14,2,12,3,3,7,7,0,7,0,2
587,38,1,4,1,3,6,2,18,3,2,60,1,2,4,3,1,16,3,15,2,3,1,0,1,0,0,2
588,43,1,2,1,3,15,1,17,3,3,38,2,1,3,9,1,16,4,6,4,3,1,0,0,0,1,2
589,55,1,4,1,3,4,2,2,3,3,60,2,5,1,8,0,12,2,34,2,3,1,0,0,0,0,2
590,33,1,2,0,3,15,0,4,3,4,90,3,2,2,5,0,15,4,11,2,2,9,8,1,7,0,2
591,41,1,5,0,3,13,2,9,4,3,94,3,1,1,1,0,20,2,5,2,3,5,3,0,4,0,0
592,34,1,5,0,4,18,0,10,3,4,87,3,2,3,1,1,14,3,15,3,3,15,14,0,7,0,2
593,53,0,4,1,3,7,0,1,4,1,60,2,4,3,4,1,20,4,27,2,2,3,2,0,2,0,2
594,43,1,5,2,2,9,2,2,3,2,97,3,1,4,0,0,13,2,10,5,3,9,7,1,8,0,1
595,34,0,5,2,4,18,2,3,2,4,32,1,2,4,5,0,12,1,6,3,3,2,2,2,2,0,2
596,21,1,3,2,4,14,2,7,1,2,31,3,1,2,1,0,13,2,1,3,3,1,0,1,0,1,2
597,38,0,1,1,3,16,2,6,2,4,40,2,1,3,1,0,11,2,5,3,3,5,4,0,4,0,2
598,22,0,4,1,3,16,2,8,1,3,79,3,1,1,1,1,17,3,1,6,3,1,0,0,0,1,2
599,31,0,3,1,4,18,2,29,4,1,91,2,2,4,1,0,14,1,13,3,3,12,7,5,7,0,1
600,46,1,4,0,3,4,2,2,4,3,46,3,5,4,7,1,17,3,24,3,3,2,1,2,2,0,2
601,36,1,5,1,3,16,2,10,3,4,90,3,3,1,7,1,13,4,15,1,3,12,8,5,7,0,2
602,44,1,4,0,3,15,1,1,2,3,99,3,1,2,1,1,12,3,6,2,2,5,3,2,3,1,2
603,37,1,1,0,2,9,2,8,2,3,89,3,2,2,2,0,13,3,19,4,2,10,0,4,7,0,2
604,33,1,5,1,3,15,2,8,4,4,90,4,1,1,6,0,19,2,14,1,3,10,8,7,6,0,2
605,46,1,5,2,4,18,0,26,2,2,98,2,2,2,8,0,15,3,6,3,3,2,2,2,2,0,1
606,40,0,5,1,3,13,2,2,2,3,99,3,1,1,4,0,17,4,7,5,2,4,3,0,2,0,2
607,35,1,4,0,3,16,0,2,2,2,90,3,2,4,2,0,14,3,15,6,3,7,7,1,7,0,1
608,38,1,0,0,2,9,0,2,3,1,100,3,1,2,5,0,13,4,13,3,3,11,10,3,8,0,1
609,34,1,5,1,3,13,1,9,4,4,93,3,2,1,4,0,17,3,11,3,2,7,1,0,7,1,2
610,39,1,5,0,4,18,1,20,3,3,83,3,2,4,2,0,18,4,7,6,3,2,1,2,2,0,2
611,43,1,5,2,3,15,0,9,3,1,52,3,1,3,4,0,13,3,7,2,2,3,2,1,2,0,1
612,41,1,5,2,3,6,2,5,3,2,85,4,2,2,3,0,12,1,11,3,1,3,2,1,2,0,1
613,41,0,3,0,4,18,2,4,1,3,81,3,3,3,0,1,13,4,23,3,4,22,14,13,5,0,2
614,34,1,2,1,4,18,2,8,2,2,92,4,2,3,1,0,21,3,10,5,3,10,8,4,8,0,1
615,58,1,4,0,4,11,0,2,3,2,52,3,4,2,4,0,22,4,37,0,2,16,9,14,14,0,1
616,35,1,4,1,3,13,2,23,4,2,91,1,1,3,0,0,16,2,6,2,4,5,4,0,3,0,2
617,47,0,5,0,3,16,2,4,3,3,92,2,3,2,8,1,12,3,28,4,3,22,11,14,10,0,2
618,40,0,5,0,3,6,2,12,3,2,47,3,2,1,2,0,12,2,15,3,3,7,4,7,7,0,1
619,54,0,4,1,3,15,2,7,4,4,68,3,2,4,4,0,15,2,14,2,2,7,1,1,7,0,2
620,31,0,3,1,4,18,1,7,4,1,68,3,3,1,2,0,14,4,9,3,3,3,2,2,2,0,1
621,38,0,3,1,4,14,2,2,4,2,77,1,2,4,2,1,20,1,20,4,2,4,2,0,3,0,2
622,26,1,4,2,4,18,2,10,3,3,46,3,2,4,1,0,13,1,5,4,3,5,3,1,2,0,2
623,58,1,5,1,3,16,1,15,4,1,87,3,4,3,2,1,14,2,23,3,3,2,2,2,2,0,1
624,18,0,4,2,3,16,0,14,3,2,33,3,1,3,1,0,16,3,0,4,1,0,0,0,0,0,2
625,31,1,0,1,2,9,2,18,5,4,89,4,1,1,0,0,17,3,2,4,3,1,0,0,0,1,2
626,45,0,5,1,4,18,0,2,4,3,67,3,2,3,4,0,22,2,10,3,4,8,7,5,7,0,0
627,36,0,1,1,3,15,2,2,4,4,73,3,2,2,4,1,22,4,15,2,3,1,0,0,0,0,0
628,43,1,5,1,4,18,1,2,4,1,92,3,2,4,1,0,20,3,7,5,3,7,7,7,7,0,1
629,27,0,5,2,3,16,1,5,2,4,53,3,1,4,0,1,14,3,6,3,2,5,4,0,2,0,2
630,29,1,4,1,3,13,1,20,1,4,40,3,1,4,1,0,13,2,11,3,4,11,8,3,10,0,2
631,32,1,3,2,4,18,1,10,4,4,79,3,2,4,8,0,13,3,4,2,4,0,0,0,0,0,2
632,42,1,2,1,3,15,0,10,4,3,38,3,1,3,3,0,22,2,10,1,2,6,3,3,3,0,0
633,47,0,5,2,3,13,2,9,4,2,64,3,1,3,4,0,12,3,7,2,3,2,2,2,0,0,1
634,46,1,5,0,3,7,2,2,2,4,82,3,3,4,3,0,14,3,12,4,2,9,8,4,7,0,2
635,28,1,5,0,2,9,0,1,2,3,43,3,1,4,1,0,15,2,3,2,3,3,2,2,2,0,2
636,29,1,5,0,3,6,2,29,1,4,93,1,2,3,8,0,17,4,11,3,3,7,0,1,6,0,2
637,42,1,5,2,3,16,2,8,3,4,81,3,1,3,4,0,13,4,8,3,3,0,0,0,0,0,2
638,32,1,3,2,4,18,2,2,4,3,82,2,2,2,7,1,12,3,7,3,2,2,2,2,2,1,2
639,46,0,2,0,4,18,2,3,3,1,45,4,4,1,2,0,12,4,25,5,3,19,17,2,8,0,1
640,27,0,4,1,4,14,2,23,1,2,36,2,2,3,1,0,21,4,9,5,3,9,8,5,8,0,1
641,29,1,4,1,2,9,2,6,1,4,87,2,1,2,1,0,11,4,1,3,3,1,0,0,0,0,2
642,48,1,5,1,3,16,2,10,3,4,91,2,5,2,4,0,12,4,29,3,3,22,10,12,9,0,2
643,29,1,5,2,3,15,1,24,2,4,73,2,1,4,1,1,24,2,1,3,2,1,0,1,0,1,0
644,55,1,2,1,3,15,2,2,4,2,98,2,1,4,8,0,20,2,19,2,4,5,2,0,4,0,2
645,28,0,4,1,4,14,2,3,3,2,78,3,1,2,1,0,19,4,1,3,3,1,0,0,0,0,2
646,30,1,4,2,4,14,2,9,3,2,89,3,1,4,1,0,13,3,1,3,2,1,0,0,0,1,2
647,22,1,5,2,3,15,2,7,1,4,75,3,1,2,1,1,23,1,1,2,3,1,0,0,0,1,0
648,36,0,2,1,4,18,2,10,4,2,63,2,2,3,1,1,13,1,10,4,3,10,9,1,7,0,1
649,34,1,5,1,4,18,2,4,3,3,64,3,3,4,2,1,13,4,9,3,3,5,3,1,0,0,2
650,29,1,5,2,3,13,2,7,3,4,59,3,1,1,3,0,14,2,11,2,3,3,2,1,2,0,2
651,37,1,4,1,3,15,2,7,4,4,78,3,2,1,5,1,22,3,16,2,3,5,3,0,4,0,0
652,35,0,1,1,3,7,2,16,2,4,44,2,2,2,0,1,11,4,4,2,3,3,2,0,2,0,2
653,45,0,5,1,3,7,2,25,2,2,93,2,2,4,0,0,13,4,10,2,2,9,8,3,8,0,1
654,36,1,0,2,2,9,1,2,1,2,94,2,2,4,1,0,21,4,10,2,2,10,1,0,8,0,0
655,40,1,5,0,3,16,2,1,4,1,98,3,4,1,2,0,11,1,22,3,3,19,7,11,16,0,1
656,26,0,5,1,3,15,2,1,2,2,90,2,1,3,1,1,13,3,1,3,2,1,0,1,0,0,2
657,27,0,4,2,4,18,2,2,2,1,89,4,2,3,0,0,14,2,9,5,2,8,7,0,7,0,2
658,48,0,4,0,3,11,1,22,3,4,58,3,4,4,3,0,11,2,24,3,3,22,17,4,7,0,2
659,44,1,5,1,3,6,2,1,4,2,78,4,2,1,2,0,15,4,10,5,3,2,0,2,2,0,2
660,34,1,2,1,3,15,0,16,4,4,85,1,1,1,1,1,23,2,5,2,3,5,2,3,0,1,0
661,56,1,5,2,3,16,2,24,2,1,97,3,1,4,1,0,16,4,5,3,3,4,2,1,0,1,1
662,36,1,3,1,4,18,2,17,2,3,33,2,2,2,2,0,16,3,12,1,1,4,2,1,3,0,1
663,41,0,3,1,4,18,2,8,3,3,54,3,2,2,5,0,21,3,14,3,3,5,4,1,4,0,0
664,42,1,4,1,3,16,2,6,3,3,83,3,3,1,9,0,13,2,18,3,4,13,7,5,7,0,2
665,31,0,4,0,4,18,2,10,2,3,86,3,2,4,2,1,11,4,8,2,3,5,2,1,4,0,2
666,34,0,4,1,4,18,2,3,1,4,75,2,2,4,3,1,12,3,9,3,2,4,2,0,1,0,2
667,31,0,4,0,3,13,2,4,3,1,62,4,1,3,8,0,12,2,4,0,2,2,2,2,2,0,1
668,26,1,1,1,3,16,1,6,3,3,61,4,1,4,0,0,18,1,8,3,3,7,7,7,7,0,2
669,45,1,4,2,3,16,1,1,4,2,44,3,2,3,4,0,12,3,12,3,3,4,2,0,3,0,2
670,33,1,3,2,4,18,2,10,4,2,43,3,2,3,1,0,14,2,10,2,2,10,4,0,9,0,2
671,28,1,5,1,4,18,1,1,2,3,42,2,2,4,1,1,12,3,7,2,3,7,7,0,7,0,2
672,39,0,5,1,4,18,0,21,4,1,32,1,2,3,6,0,19,3,10,1,3,3,2,1,2,0,1
673,27,1,2,1,3,16,2,2,4,2,41,3,1,2,1,0,11,3,6,3,2,5,3,1,2,0,1
674,34,1,1,1,3,15,1,22,4,3,86,2,2,4,1,1,15,2,16,3,3,15,10,6,11,0,2
675,47,1,2,1,3,16,0,14,4,3,64,3,2,2,8,0,18,3,16,4,4,8,7,1,7,0,2
676,56,0,3,1,4,18,2,11,5,4,89,2,2,1,4,0,16,3,6,3,3,0,0,0,0,0,2
677,38,0,4,0,3,16,1,8,3,4,58,2,2,2,1,1,16,3,20,3,3,20,11,0,7,0,2
678,58,0,5,1,4,11,2,21,3,4,72,3,4,4,4,1,13,3,29,2,2,1,0,0,0,0,2
679,32,0,5,2,3,15,1,5,2,1,47,4,1,3,3,1,14,1,8,2,3,4,1,0,3,1,2
680,38,1,5,0,3,16,2,9,2,2,71,3,1,4,2,0,19,4,10,0,4,5,2,0,3,0,0
681,49,1,5,1,3,16,1,2,1,2,42,3,5,4,3,0,15,4,28,3,3,5,4,4,3,0,1
682,42,1,3,0,4,18,2,12,4,2,77,3,2,4,3,1,12,3,14,4,3,0,0,0,0,0,2
683,27,0,0,1,2,9,1,22,3,1,58,2,1,2,1,0,12,1,1,2,3,1,0,0,0,1,2
684,35,1,4,1,4,18,2,18,4,2,71,3,2,1,0,0,16,4,6,2,1,5,3,0,4,0,1
685,28,1,4,2,3,16,0,16,3,3,49,3,1,3,1,0,14,3,5,3,2,5,3,1,4,0,2
686,31,1,4,0,3,15,0,3,2,3,48,3,1,1,1,1,13,4,4,3,4,4,2,2,3,0,2
687,36,1,5,1,3,16,0,9,4,1,66,4,1,2,1,0,22,2,5,3,3,5,4,0,2,0,2
688,34,1,3,2,4,18,2,1,3,1,32,3,3,4,1,0,21,1,14,3,2,14,8,2,1,0,1
689,34,1,4,0,4,18,2,13,4,4,39,3,3,3,1,0,18,3,9,2,2,8,7,1,1,0,2
690,26,1,4,2,3,13,2,1,3,3,95,3,1,1,0,0,13,4,8,6,2,7,7,7,6,0,2
691,32,0,4,0,3,16,0,15,4,3,34,3,2,4,5,0,18,2,9,6,3,5,1,1,2,0,2
692,28,1,2,0,3,16,2,17,3,3,32,2,1,4,5,0,12,1,6,2,2,4,1,0,3,1,2
693,38,1,5,2,4,14,2,1,3,1,59,2,1,1,4,0,14,1,20,3,2,1,0,0,0,0,2
694,35,0,5,1,4,18,2,7,4,3,55,3,2,4,1,1,11,4,10,2,3,10,8,0,9,0,2
695,27,1,3,2,4,18,2,9,3,4,44,3,2,4,1,0,14,1,7,5,3,7,7,0,7,0,2
696,32,1,5,2,3,16,2,5,4,4,56,2,2,4,8,0,24,2,8,1,3,1,0,0,0,0,0
697,31,1,3,1,4,18,1,26,4,1,63,3,2,4,1,1,11,3,10,4,3,10,7,0,8,1,2
698,53,1,5,2,4,18,2,24,4,1,66,3,3,1,6,1,13,2,15,2,2,2,2,2,2,1,1
699,54,0,5,1,3,15,2,9,2,1,67,3,2,3,3,0,11,3,9,6,2,4,3,2,3,0,1
700,33,1,5,0,3,16,1,7,2,4,36,3,2,3,1,0,20,3,9,2,3,9,7,2,8,0,0
701,43,1,5,1,3,6,2,11,3,1,30,3,3,3,1,0,17,2,10,1,3,10,9,0,9,0,2
702,38,1,1,1,2,9,1,1,4,4,88,3,1,2,0,1,11,2,7,2,3,6,2,1,2,0,2
703,55,1,0,1,2,11,2,26,4,3,71,4,5,2,4,1,18,1,35,0,3,10,9,1,4,0,2
704,31,0,4,0,3,16,2,2,1,4,59,1,1,4,1,1,11,3,1,4,3,1,0,0,0,0,2
705,39,1,3,2,4,18,2,15,4,2,77,3,4,1,0,0,12,1,21,3,3,20,8,11,10,0,1
706,42,1,5,2,3,15,0,23,2,4,37,2,2,3,1,0,12,4,20,2,3,20,9,3,7,0,2
707,31,0,4,1,3,4,0,10,3,3,40,3,3,3,4,0,20,3,13,2,4,11,7,4,8,0,0
708,54,0,4,2,3,7,2,10,3,3,77,3,2,1,6,1,19,4,9,3,3,5,2,1,4,0,2
709,24,1,5,2,3,6,2,1,2,2,45,2,2,3,1,0,12,2,4,2,2,4,3,1,2,0,1
710,23,1,1,2,3,13,2,12,2,4,78,3,1,4,1,0,13,3,5,6,4,5,2,1,4,0,2
711,40,0,2,1,3,13,1,11,3,4,73,3,2,3,1,0,11,1,10,2,4,10,9,9,4,0,2
712,40,0,3,1,4,18,2,2,2,2,92,3,2,2,3,0,14,3,15,4,3,11,8,5,10,0,1
713,25,0,0,1,2,9,2,2,3,3,82,3,1,2,4,0,14,3,6,3,3,2,0,1,2,0,2
714,30,1,4,1,3,13,2,1,2,4,76,3,1,2,1,0,13,3,12,6,2,12,8,1,7,0,2
715,25,1,1,0,3,13,2,2,1,4,57,3,1,3,6,1,19,3,7,2,2,2,2,0,2,0,2
716,47,1,4,2,3,16,2,25,3,1,84,3,3,3,2,0,23,2,25,3,3,17,14,12,11,0,1
717,38,1,5,1,4,18,2,1,4,4,86,3,2,2,0,0,15,1,16,3,3,15,13,5,8,0,2
718,31,1,5,1,4,14,2,2,2,1,54,3,1,3,0,0,19,3,3,1,3,2,2,1,2,0,1
719,42,1,5,0,3,15,2,18,4,4,35,3,2,1,6,1,17,3,9,3,2,4,3,1,2,0,2
720,41,1,5,1,3,15,2,1,3,4,76,3,1,4,3,0,22,1,12,3,3,5,3,1,0,0,0
721,47,0,4,1,3,15,0,1,1,3,98,3,3,2,0,0,18,1,14,3,1,13,8,5,12,0,1
722,35,1,4,1,3,4,2,11,4,4,43,3,1,3,7,1,11,3,5,3,3,2,2,2,2,0,2
723,22,1,5,2,3,15,2,1,2,4,63,3,1,3,0,0,12,4,4,2,4,3,2,1,2,0,2
724,35,1,4,2,3,15,2,9,4,2,48,3,2,3,1,0,19,2,10,5,3,10,7,0,8,0,2
725,33,0,4,1,3,6,2,15,2,2,95,3,2,4,0,1,13,1,10,6,3,9,7,8,1,0,1
726,32,0,5,2,3,13,2,29,4,3,49,2,1,2,1,0,13,3,6,3,3,6,2,4,1,0,2
727,40,1,5,1,3,13,2,1,4,1,83,3,1,4,8,0,19,3,8,3,2,1,0,0,0,0,2
728,32,1,4,1,4,14,2,1,4,2,68,2,1,2,0,0,14,2,3,2,3,2,2,2,2,0,1
729,39,1,5,2,3,15,2,24,1,1,52,3,2,4,7,0,13,1,18,2,3,7,7,1,7,0,1
730,38,0,4,1,3,4,2,10,3,2,99,1,3,3,3,0,12,1,20,3,3,18,16,1,11,0,1
731,37,0,5,1,3,4,2,10,3,3,42,4,3,4,1,1,25,1,16,2,3,16,11,6,8,0,0
732,25,0,1,0,4,18,2,8,2,1,85,3,2,3,0,1,22,2,6,3,2,5,3,0,4,0,2
733,52,1,5,0,4,14,0,29,4,1,40,3,1,4,2,0,15,2,16,3,2,9,8,0,0,0,2
734,44,1,4,2,3,15,2,1,3,2,42,3,1,4,6,1,12,3,6,2,3,4,3,1,2,0,1
735,21,1,4,2,4,14,2,5,1,3,58,3,1,1,1,1,11,4,2,6,3,2,2,1,2,0,2
736,23,1,3,1,4,14,1,9,3,4,33,3,1,1,1,0,19,1,1,3,2,1,0,1,0,1,2
737,36,0,4,1,4,18,2,3,3,1,94,2,3,4,0,0,19,3,10,2,3,9,7,3,4,0,1
738,36,0,5,0,3,7,1,4,2,4,97,3,2,2,7,0,13,2,18,3,3,4,2,0,2,0,2
739,56,1,5,0,3,6,0,1,4,3,57,3,2,3,1,0,21,1,13,2,2,13,12,1,9,0,0
740,29,1,4,1,3,15,2,1,4,1,36,3,1,4,9,1,14,2,4,3,4,2,2,2,2,1,1
741,56,1,2,1,3,13,2,7,2,4,72,3,1,3,8,0,11,4,14,4,1,10,9,9,8,1,1
742,41,0,5,1,3,7,2,28,4,1,60,2,4,2,0,0,23,3,21,3,3,20,7,0,10,0,2
743,34,0,3,1,4,18,2,28,3,4,95,2,2,3,1,0,21,4,8,2,3,8,7,1,7,0,0
744,36,1,3,0,4,18,0,15,4,4,88,1,2,4,1,0,24,1,15,4,2,15,12,11,11,0,0
745,41,1,5,0,4,18,2,3,3,3,57,2,2,2,2,0,11,3,14,5,3,5,4,0,4,0,2
746,32,1,2,2,3,15,2,2,3,4,78,3,1,1,1,0,14,4,4,4,3,4,2,1,2,0,2
747,35,0,5,2,2,9,2,26,4,3,31,3,3,4,1,1,16,3,9,2,3,9,0,1,7,0,2
748,38,0,5,1,4,18,2,10,2,1,100,3,2,4,1,0,11,3,10,1,3,10,7,1,9,0,1
749,50,1,5,0,4,18,1,1,4,2,94,3,2,3,7,0,12,4,12,3,3,6,3,0,1,1,0
750,36,0,3,1,4,18,2,11,4,2,100,2,2,4,4,0,13,1,8,2,2,6,3,0,0,0,2
751,40,1,5,2,3,15,2,2,4,3,52,2,1,3,2,0,14,4,8,2,3,2,2,2,2,0,2
752,35,1,5,1,3,15,1,18,4,3,80,3,2,3,1,1,14,4,10,2,4,10,2,0,2,0,2
753,40,0,4,1,3,15,2,2,4,3,98,3,1,3,2,0,14,2,20,2,3,5,3,0,2,0,2
754,35,0,5,1,3,15,2,1,4,3,62,1,1,4,1,0,12,4,4,5,3,4,3,1,1,0,2
755,29,1,1,1,3,15,2,13,2,4,46,2,2,2,4,1,13,1,10,2,3,4,3,0,3,0,2
756,29,0,4,2,3,15,2,28,4,4,73,2,1,1,1,0,14,2,5,3,1,5,4,0,4,0,1
757,50,1,3,0,4,18,2,28,3,4,39,2,3,1,4,1,13,2,20,3,3,3,2,2,0,1,2
758,39,0,3,1,4,18,2,24,1,2,60,2,4,4,0,0,11,1,21,2,2,20,9,9,6,0,1
759,31,1,4,2,3,7,0,5,3,2,74,3,2,1,0,0,19,2,10,2,3,9,4,1,7,0,1
760,26,0,1,2,4,14,2,5,3,4,30,2,1,3,0,0,18,4,5,2,3,4,2,0,0,0,2
761,39,1,4,1,3,6,2,6,1,4,42,2,3,1,4,0,15,1,9,5,3,7,7,1,7,0,2
762,27,1,5,1,3,7,2,4,3,2,87,4,2,2,1,1,20,2,6,0,3,6,2,0,3,0,2
763,49,1,4,1,4,18,1,2,3,4,63,2,2,2,2,0,14,4,17,3,2,9,6,0,8,0,2
764,34,1,4,1,3,13,2,8,3,2,82,4,2,3,2,0,12,1,6,3,4,4,3,1,2,0,2
765,41,0,5,2,4,18,2,1,2,2,94,3,2,4,8,1,11,1,8,0,1,6,4,0,5,1,1
766,27,1,4,1,5,17,2,2,1,1,40,3,1,2,9,0,12,4,6,3,3,2,2,2,2,0,1
767,32,1,5,2,5,12,1,2,2,4,79,3,1,4,0,0,13,3,8,2,2,7,7,3,6,0,2
768,59,0,4,1,5,12,2,3,3,3,81,4,1,1,4,1,20,1,12,3,2,1,0,0,0,0,0
769,30,1,5,0,5,12,2,24,1,4,67,3,1,3,1,0,22,2,1,2,3,1,0,0,0,0,0
770,36,1,4,1,5,12,2,27,3,3,94,3,2,3,6,0,13,2,17,3,2,7,7,7,7,0,2
771,35,1,4,1,5,17,2,16,3,1,84,4,1,2,0,0,13,3,6,5,3,5,4,0,3,0,2
772,31,1,5,0,5,17,2,26,1,1,31,3,1,3,1,0,17,4,5,1,2,5,2,4,3,0,1
773,34,1,4,0,5,12,2,19,2,2,93,3,1,4,0,0,11,3,3,2,3,2,2,1,2,0,1
774,28,1,5,2,5,17,2,24,3,3,50,2,1,3,5,1,14,2,6,4,3,4,2,0,3,1,2
775,29,0,5,0,5,12,2,21,4,2,51,4,3,1,1,0,11,3,10,1,3,10,9,8,8,0,1
776,22,1,4,0,5,12,0,16,2,4,96,4,1,4,1,1,13,2,1,2,2,1,0,0,0,0,2
777,53,0,5,1,4,11,2,2,4,1,78,2,4,4,2,0,16,3,31,3,3,25,8,3,7,0,1
778,38,1,5,2,5,17,2,2,3,4,45,3,1,4,5,1,11,3,6,3,3,3,2,1,2,0,2
779,24,0,1,0,5,17,0,11,2,1,96,4,2,3,0,0,18,4,5,5,2,4,2,1,3,0,2
780,34,0,5,2,5,17,2,7,4,1,53,3,3,2,0,0,11,3,13,4,3,12,6,2,11,0,2
781,34,1,4,2,5,17,2,6,1,2,83,3,1,1,2,0,11,3,8,2,3,4,2,1,3,1,2
782,53,0,1,0,5,12,2,5,3,3,58,3,5,3,4,0,11,4,26,3,2,14,13,4,8,0,2
783,32,0,5,2,5,12,1,16,1,2,72,1,1,1,1,1,22,2,10,5,3,10,2,6,7,1,2
784,42,1,3,1,4,18,2,8,4,3,48,3,2,2,0,0,11,4,10,2,3,9,7,4,2,0,2
785,44,0,4,1,5,17,2,7,4,1,42,2,3,4,3,0,14,4,24,4,3,22,6,5,17,0,2
786,46,0,3,2,4,11,2,2,4,2,83,3,5,1,3,0,12,4,22,2,2,2,2,2,1,0,1
787,33,1,4,2,5,17,2,2,3,3,78,3,1,4,4,0,11,4,7,3,3,1,1,0,0,0,2
788,44,1,1,1,5,0,2,10,4,4,41,3,2,4,2,1,13,4,9,5,4,4,2,1,3,0,2
789,24,1,4,1,5,17,2,1,3,2,61,3,1,4,2,1,16,1,6,2,2,2,0,2,0,1,2
790,43,0,4,0,5,0,2,2,2,4,72,4,1,3,1,0,12,4,6,3,2,5,3,1,4,0,2
791,50,1,3,1,4,14,2,3,2,1,86,2,1,3,1,1,14,3,3,2,3,3,2,0,2,1,2
792,35,0,3,1,4,14,2,2,3,4,97,3,1,4,1,0,13,1,2,3,3,2,2,2,2,0,2
793,36,0,5,1,5,17,2,5,4,2,82,2,1,1,9,1,14,4,6,3,4,1,1,0,0,0,2
794,33,0,5,1,4,18,1,1,3,3,42,4,2,1,2,0,19,1,10,3,3,5,3,1,3,0,2
795,35,1,1,0,5,17,2,4,2,3,75,3,1,4,1,0,12,3,1,3,3,1,0,0,0,0,2
796,27,0,5,0,5,0,2,2,4,4,33,3,1,1,1,0,13,4,1,6,3,1,0,0,0,0,2
797,26,1,5,2,5,0,2,25,3,1,48,1,1,3,1,0,12,3,1,2,2,1,0,0,1,1,2
798,27,1,5,2,4,18,1,8,3,4,37,3,3,3,1,0,15,4,9,0,3,9,8,1,7,0,2
799,30,0,4,2,5,17,1,1,2,3,58,3,2,4,1,0,23,4,12,2,3,12,8,3,7,0,0
800,34,1,3,2,4,18,0,23,4,2,72,3,2,3,0,0,20,3,10,2,3,9,5,8,7,0,1
801,37,1,5,1,5,17,2,19,2,2,73,3,1,2,4,0,21,1,8,1,3,1,0,0,0,0,0
802,46,1,3,2,4,18,1,5,4,1,98,3,2,4,4,1,21,3,14,4,3,9,6,0,8,0,2
803,35,1,5,1,5,0,2,8,1,4,36,4,1,4,1,0,19,4,1,2,3,1,0,0,1,0,2
804,48,1,5,2,5,17,2,1,2,1,98,2,3,3,9,1,13,4,23,2,3,1,0,0,0,1,2
805,28,1,2,2,5,0,2,5,4,3,50,3,1,3,1,1,13,3,2,3,2,2,2,2,2,1,2
806,44,0,3,0,4,18,2,1,5,2,75,3,2,1,5,1,21,3,9,2,2,4,3,1,3,0,1
807,35,1,4,1,5,0,0,11,2,3,79,2,3,1,2,1,13,3,10,3,3,4,0,2,3,0,2
808,26,0,3,1,4,18,2,23,3,3,47,2,2,4,7,1,19,3,5,2,2,2,2,0,0,0,2
809,33,0,5,2,5,17,1,1,2,1,98,3,3,4,1,1,12,3,15,1,3,15,14,8,12,0,1
810,35,1,5,1,4,18,1,18,5,2,71,3,3,1,1,0,22,4,9,3,2,9,8,1,8,0,1
811,35,0,4,1,5,3,2,23,4,3,30,3,1,1,3,1,15,3,4,3,3,2,2,2,2,0,2
812,31,1,5,0,5,17,2,7,4,4,48,3,2,4,3,0,22,4,10,3,2,7,7,1,7,0,0
813,37,1,5,0,5,3,2,1,4,1,51,2,2,3,1,0,18,3,7,2,4,7,5,0,7,0,2
814,32,1,4,1,5,17,2,1,3,1,33,3,2,4,1,1,22,2,9,3,3,9,8,7,8,0,2
815,38,0,5,2,5,17,1,29,5,4,50,3,2,4,1,0,11,4,10,2,3,10,3,9,9,0,2
816,50,0,4,0,5,17,2,7,2,2,43,2,5,3,5,1,12,4,29,2,2,27,3,13,8,0,2
817,59,0,5,2,4,18,2,25,3,1,99,3,3,1,7,0,11,4,28,3,2,21,16,7,9,0,1
818,36,0,2,0,5,3,2,8,3,3,59,3,3,3,1,0,13,2,17,2,3,17,14,12,8,0,2
819,36,1,5,2,5,3,1,11,3,2,95,2,2,2,1,0,13,3,6,3,3,6,5,0,3,0,0
820,45,1,5,0,5,3,2,7,3,2,59,3,3,1,2,0,17,3,25,2,3,1,0,0,0,0,2
821,35,1,4,1,5,17,1,1,3,2,79,3,1,1,4,0,13,4,5,2,2,3,2,1,2,0,2
822,36,1,4,1,5,17,2,9,3,4,79,2,1,3,0,1,17,1,2,0,2,1,0,0,0,1,2
823,29,1,5,1,5,3,2,2,3,3,76,3,1,2,0,0,23,4,6,3,3,5,4,0,4,0,0
824,31,1,4,2,5,3,2,1,4,3,87,3,1,2,1,0,17,2,1,4,3,1,1,1,0,0,2
825,32,1,5,1,5,17,2,1,3,2,66,3,2,2,1,0,17,2,10,3,3,10,4,0,9,0,2
826,36,0,5,1,5,17,2,6,3,2,55,4,1,4,3,0,12,2,5,3,3,1,0,0,0,0,2
827,31,0,5,2,5,17,2,8,4,3,61,3,2,4,1,0,23,4,11,2,3,11,7,1,8,0,0
828,35,1,3,2,4,18,2,1,4,3,32,2,2,1,0,0,14,2,16,2,3,15,13,2,8,0,2
829,46,1,4,0,2,9,2,5,2,2,80,3,2,2,8,1,22,4,16,2,3,4,2,0,2,0,2
830,30,1,5,1,5,17,2,1,1,4,55,2,2,4,1,1,12,3,10,1,2,10,8,3,0,0,2
831,35,1,4,2,5,3,2,1,3,2,30,2,1,3,1,0,18,1,6,3,3,6,4,0,4,0,2
832,55,1,5,1,4,18,2,1,2,1,70,3,3,4,3,0,14,4,24,4,3,1,0,1,0,0,2
833,38,0,4,0,5,17,0,6,3,2,79,1,2,4,7,1,12,4,17,3,3,13,11,1,9,0,2
834,34,1,4,1,5,3,2,1,2,1,94,3,2,2,1,0,15,3,5,2,3,5,2,1,3,0,2
835,23,1,2,0,4,14,2,2,1,3,62,3,1,1,3,0,13,3,3,3,3,0,0,0,0,0,2
836,30,1,5,1,5,17,2,2,3,3,99,2,2,4,1,0,19,1,11,3,3,11,10,10,8,0,2
837,46,1,4,2,4,18,2,9,2,3,64,2,3,4,1,0,16,4,9,3,3,9,8,4,7,1,2
838,40,1,5,1,5,17,1,1,4,3,78,2,4,2,1,0,22,4,22,3,2,22,3,11,11,0,0
839,51,1,3,2,4,18,2,21,4,3,71,3,2,4,0,1,22,4,11,2,1,10,7,1,0,0,2
840,30,0,4,0,4,18,2,4,2,3,63,2,2,2,1,1,12,2,11,4,2,11,8,2,7,0,2
841,46,1,4,1,5,17,1,1,3,3,40,2,3,1,2,1,13,3,21,5,2,10,9,9,5,0,2
842,32,1,4,2,4,18,2,6,4,2,87,3,2,3,1,0,16,1,12,0,3,11,8,5,7,0,1
843,24,0,1,1,4,18,2,3,2,1,33,3,2,3,0,0,21,1,4,2,2,3,2,0,2,0,2
844,28,1,4,1,4,18,0,4,3,2,43,3,2,3,1,0,15,2,5,3,4,5,4,0,4,0,0
845,58,1,4,2,4,18,2,10,4,4,37,3,4,3,0,0,13,3,38,1,2,37,10,1,8,0,2
846,44,1,4,1,5,17,0,23,3,2,67,3,2,2,4,0,12,3,17,3,4,3,2,1,2,0,2
847,37,1,0,0,2,9,2,6,4,3,63,3,1,1,4,1,22,4,7,3,3,3,2,0,2,1,0
848,32,1,5,2,5,17,2,1,1,4,71,3,1,1,1,0,13,4,1,2,3,1,0,0,0,0,2
849,34,0,1,2,5,17,2,6,4,1,41,3,2,3,1,0,14,3,16,3,3,16,13,2,10,0,2
850,37,1,5,0,5,3,0,2,2,3,100,2,2,4,5,0,14,4,17,2,4,1,0,0,0,0,2
851,50,0,5,1,5,3,1,1,3,1,73,3,5,2,3,1,19,1,28,1,2,8,3,0,7,0,2
852,25,1,3,2,4,18,2,5,3,3,46,2,2,3,1,1,11,4,6,1,3,6,4,0,3,1,2
853,25,1,4,1,5,3,2,7,1,4,64,2,1,4,1,0,11,3,2,2,3,2,2,2,1,0,2
854,22,0,4,2,5,17,2,15,3,2,59,3,1,4,1,0,15,3,1,5,3,0,0,0,0,0,2
855,34,1,5,2,5,17,1,7,3,1,66,1,2,3,1,1,24,4,9,3,3,9,7,0,6,1,0
856,54,0,0,2,2,11,0,26,3,4,30,4,4,4,2,1,12,3,23,3,3,5,3,4,4,0,2
857,24,1,5,1,5,3,2,18,1,2,52,3,1,3,0,0,12,3,6,2,3,5,3,1,2,0,2
858,34,0,5,0,5,3,2,6,4,3,45,2,2,2,6,0,15,3,12,3,3,1,0,0,0,0,2
859,37,1,5,2,4,18,2,3,3,3,87,3,3,4,2,0,12,1,12,3,3,5,3,1,3,0,2
860,34,0,4,2,5,3,2,5,3,3,45,2,3,1,2,0,12,4,14,6,3,11,10,5,8,0,2
861,36,0,5,0,5,17,2,3,2,1,39,3,1,4,5,0,22,1,7,2,3,1,0,0,0,0,0
862,43,1,5,1,4,11,1,26,2,3,92,3,4,4,1,1,12,4,25,3,4,25,12,4,12,0,2
863,33,1,3,1,4,18,0,22,2,3,95,3,2,2,0,0,13,1,8,2,4,7,7,0,7,0,2
864,51,1,5,2,5,17,2,6,3,1,51,3,5,3,7,0,13,3,23,5,3,20,18,15,15,0,2
865,31,1,5,1,4,18,2,6,4,2,76,1,2,3,4,1,18,2,12,3,2,7,7,7,7,1,1
866,26,0,1,1,5,17,2,6,3,3,46,2,1,2,1,0,19,3,5,3,2,5,4,4,3,0,2
867,58,0,4,1,5,17,2,23,4,4,94,3,3,4,1,0,12,4,40,3,2,40,10,15,6,1,2
868,19,1,3,2,4,14,2,22,1,4,50,3,1,3,1,1,19,4,0,2,2,0,0,0,0,1,2
869,22,1,2,1,5,17,2,2,1,3,100,3,1,4,0,0,14,3,3,2,3,2,1,2,1,0,2
870,49,0,4,1,5,17,2,20,4,3,96,3,2,1,1,0,14,3,16,2,2,15,11,5,11,0,2
871,43,0,4,2,5,17,1,28,3,2,72,4,1,3,4,0,12,4,18,2,3,3,2,1,2,0,2
872,50,0,3,2,4,18,1,12,3,3,77,3,3,4,4,0,11,4,16,3,3,2,2,2,1,0,2
873,31,0,5,1,4,18,2,20,3,2,71,1,2,3,3,1,11,3,4,2,3,2,2,2,2,1,1
874,41,1,5,0,4,18,2,9,1,3,96,3,3,3,3,1,13,3,12,2,3,9,7,0,7,0,2
875,26,0,5,1,2,9,2,25,1,3,61,3,1,3,1,0,23,4,8,3,3,8,7,5,7,0,0
876,36,1,4,0,5,17,2,6,2,2,84,3,2,2,6,0,20,4,7,0,3,3,2,0,1,0,2
877,51,1,5,2,5,3,1,8,4,1,53,1,3,4,2,0,15,4,18,2,3,4,2,0,3,1,0
878,25,1,5,1,4,18,2,28,3,1,41,2,2,3,2,0,18,4,6,3,3,2,2,2,2,0,1
879,30,1,0,1,2,9,2,9,3,3,48,3,2,4,0,1,19,4,12,2,1,11,9,4,7,0,2
880,45,1,4,2,5,8,2,29,3,3,83,3,1,4,5,0,13,2,9,2,2,6,5,0,3,0,2
881,38,0,2,2,5,17,2,3,5,4,32,3,2,3,3,1,20,2,19,2,3,3,2,2,2,0,0
882,30,0,5,2,5,17,2,18,3,1,75,3,1,3,1,0,14,3,5,4,2,5,4,0,4,0,2
883,30,0,2,0,5,17,2,5,3,4,84,3,1,1,5,0,14,4,8,3,3,3,2,2,2,0,2
884,41,1,5,1,5,17,2,9,4,3,94,3,1,1,2,0,21,4,7,2,3,5,0,1,4,0,0
885,19,0,4,2,5,8,2,3,1,2,79,3,1,2,1,0,14,4,1,3,3,1,0,0,0,0,2
886,35,1,3,1,4,18,2,1,5,3,94,3,3,2,1,0,13,1,10,3,3,10,8,0,6,0,2
887,53,1,3,1,4,14,2,6,2,2,34,3,2,3,2,1,20,4,13,3,1,7,7,4,5,0,1
888,45,1,5,0,5,17,2,9,3,2,60,3,2,2,8,0,18,3,20,2,1,17,9,0,15,0,2
889,32,0,3,2,4,18,1,8,3,2,43,3,3,4,1,0,14,4,9,2,3,9,8,3,7,0,1
890,29,1,2,1,5,8,0,1,1,4,41,3,2,3,1,0,13,1,10,1,3,10,7,0,9,0,2
891,58,0,4,1,5,8,2,9,3,2,75,2,1,2,4,1,20,2,9,3,2,1,0,0,0,0,0
892,40,1,3,1,4,18,2,4,4,3,67,2,3,4,7,0,11,1,15,2,2,12,11,2,11,0,2
893,34,0,3,1,4,14,1,2,4,3,75,3,1,3,6,0,18,4,6,3,3,4,3,1,2,0,2
894,27,1,4,0,5,17,0,9,3,4,57,3,1,2,6,0,18,4,6,1,1,2,2,2,2,0,2
895,28,1,4,1,5,17,2,21,3,3,42,3,1,4,1,0,11,3,5,2,1,5,2,0,2,0,2
896,57,1,5,0,5,17,2,24,2,3,83,4,3,4,3,1,16,2,12,2,1,5,3,1,4,0,2
897,27,1,4,0,5,8,0,3,3,3,79,2,1,3,1,1,15,4,1,2,2,1,1,0,1,0,2
898,50,0,5,2,5,8,2,11,3,3,53,3,5,2,3,0,15,2,21,5,3,5,4,4,4,0,2
899,41,1,5,0,5,17,2,14,3,1,56,3,1,3,4,0,12,1,13,2,3,9,8,1,8,0,2
900,30,0,5,1,4,18,2,5,3,2,41,3,3,4,2,0,12,3,12,2,3,10,9,7,4,0,1
901,38,0,5,2,4,18,2,1,4,1,59,2,2,4,4,0,22,3,12,2,4,8,3,0,7,0,0
902,32,1,5,2,5,17,2,6,5,3,43,3,1,3,3,0,20,1,8,2,3,5,4,1,4,0,0
903,27,1,2,1,5,8,2,17,3,3,51,3,1,2,0,1,16,4,6,3,2,5,2,1,1,0,2
904,19,0,2,2,4,14,1,1,1,3,100,1,1,1,0,0,21,1,1,5,4,0,0,0,0,1,0
905,36,1,4,2,5,8,1,3,2,4,30,3,1,2,4,0,12,3,13,3,2,8,7,7,2,0,2
906,30,1,4,0,5,17,0,9,3,3,66,3,2,1,1,0,11,3,12,4,3,12,9,6,10,0,2
907,45,0,5,0,4,18,2,4,2,3,30,3,2,1,4,1,11,1,9,3,4,5,4,0,3,0,2
908,56,0,5,0,5,17,2,8,3,3,67,3,1,1,4,1,18,3,19,3,3,2,2,2,2,0,2
909,33,1,5,2,5,17,2,2,3,3,90,3,1,4,0,0,14,1,4,2,4,3,1,0,2,0,2
910,19,1,5,2,5,17,2,2,3,2,47,2,1,4,1,0,22,3,1,3,2,1,0,1,0,1,0
911,46,0,3,0,4,18,2,1,2,2,92,3,3,1,1,0,25,3,24,2,3,24,13,15,7,0,1
912,38,0,5,2,5,8,2,9,2,3,75,3,1,4,1,0,12,3,2,3,3,2,2,2,1,0,2
913,34,0,4,2,5,17,2,27,2,4,95,3,1,2,2,0,15,4,9,3,3,3,2,1,2,0,2
914,41,0,3,2,4,14,2,20,2,2,70,3,1,2,1,1,22,4,4,5,2,4,3,0,2,1,2
915,50,1,4,1,5,17,2,1,3,3,86,2,1,3,2,0,15,4,5,2,2,3,2,0,2,0,2
916,53,0,4,0,5,8,2,13,2,4,57,4,2,1,1,0,11,3,5,3,3,4,2,1,3,0,2
917,33,0,4,1,5,17,2,14,3,4,72,3,1,2,1,0,13,4,8,5,3,8,7,1,6,0,2
918,40,0,4,1,5,17,2,4,1,4,46,3,5,3,1,0,14,2,21,2,3,20,8,9,9,0,2
919,34,1,5,1,5,8,1,2,1,4,45,2,2,3,1,0,17,3,10,2,2,10,9,1,9,0,2
920,51,0,4,2,5,17,2,3,3,4,98,3,4,2,3,0,18,3,21,6,3,7,7,1,0,0,2
921,52,1,5,1,5,17,2,1,4,3,65,2,5,3,0,0,14,1,34,5,3,33,18,11,9,0,2
922,27,0,4,2,5,17,2,9,3,4,99,3,1,2,1,0,16,4,7,2,2,7,7,0,3,0,2
923,35,1,5,1,5,17,2,23,2,2,50,2,2,3,3,1,13,1,8,1,3,1,0,0,1,1,2
924,43,1,4,0,5,8,0,7,3,4,37,4,1,4,4,0,14,4,7,3,4,5,4,2,2,0,2
925,45,1,4,1,5,8,0,2,2,1,65,2,4,4,9,0,23,4,22,1,3,20,8,11,8,0,2
926,37,1,5,1,5,17,2,21,3,2,65,4,1,1,1,1,12,1,8,3,2,8,7,1,7,0,2
927,35,0,4,2,5,17,1,2,3,2,37,3,2,2,5,0,11,4,10,5,3,6,2,1,2,0,2
928,42,0,4,0,5,17,0,21,2,3,36,3,2,3,2,0,16,2,11,5,3,5,3,0,2,0,2
929,38,1,5,1,5,8,2,2,4,4,88,3,2,3,9,0,14,2,14,3,3,1,0,0,0,0,2
930,38,1,2,1,5,8,2,29,3,4,54,3,2,4,3,0,18,1,9,3,1,7,7,1,7,0,2
931,27,1,2,1,5,17,1,1,1,3,60,2,2,1,5,0,19,3,6,1,3,2,2,2,0,0,2
932,49,1,5,0,5,8,0,18,4,4,92,3,2,4,1,1,15,1,7,0,3,7,7,1,7,0,2
933,34,1,4,0,5,17,1,10,4,4,43,3,1,3,1,1,17,4,5,4,4,5,3,2,0,0,2
934,40,1,4,1,5,17,2,19,2,3,99,3,2,4,8,1,15,3,15,2,4,7,2,3,7,0,2
935,38,1,4,1,5,8,2,29,1,2,70,3,2,1,7,1,19,2,17,2,3,1,0,0,0,1,2
936,29,0,3,1,4,18,2,27,3,2,35,3,3,4,1,0,22,4,10,3,2,10,4,1,9,1,1
937,22,1,5,0,5,8,2,5,3,4,60,4,1,2,1,1,16,1,4,2,2,4,2,2,2,0,2
938,36,0,4,2,5,17,1,18,1,2,73,3,1,4,1,0,13,1,8,2,3,8,1,1,7,0,2
939,40,1,5,1,5,8,0,9,5,4,63,2,2,4,9,0,14,4,5,5,1,3,2,0,2,0,2
940,32,1,4,1,4,18,2,4,4,4,32,1,3,4,1,0,11,3,14,2,2,14,8,9,8,1,2
941,27,0,5,2,4,18,1,20,3,4,90,3,2,3,1,0,14,4,7,2,3,7,7,0,7,0,2
942,51,1,5,1,0,5,2,8,4,2,81,2,3,2,5,0,16,4,16,5,1,10,9,4,7,0,2
943,41,0,5,2,4,11,2,6,3,4,75,3,3,4,3,1,18,3,16,3,3,1,0,0,0,0,2
944,30,0,3,2,4,18,1,26,4,3,52,2,2,1,5,0,15,3,9,5,2,6,3,0,1,1,2
945,29,1,2,2,5,17,2,1,3,3,85,3,1,3,0,0,14,4,7,1,2,6,2,1,5,1,2
946,45,0,4,2,4,18,0,6,3,4,57,2,3,4,6,0,12,4,23,2,3,19,7,12,8,0,2
947,54,0,3,1,4,18,2,3,3,4,52,3,2,1,2,0,14,4,16,4,3,6,2,0,5,0,2
948,36,1,5,2,5,8,2,5,2,4,62,3,2,2,8,0,16,4,16,3,4,13,11,3,7,0,2
949,37,1,1,0,5,17,1,11,3,2,47,3,3,4,1,1,14,3,10,1,3,10,8,0,7,0,2
950,31,1,4,1,5,17,0,1,4,3,90,1,2,3,0,0,12,4,6,2,3,5,4,1,4,0,2
951,37,1,3,0,4,14,1,4,4,1,41,3,1,4,4,0,17,3,13,2,3,9,8,5,8,0,1
952,29,0,4,1,4,18,1,1,1,2,42,3,3,4,1,0,14,4,11,5,3,11,10,4,1,0,1
953,35,0,3,2,4,18,1,1,3,3,92,3,3,3,1,0,14,1,10,3,4,10,7,0,8,0,0
954,29,1,4,2,5,17,2,18,1,3,86,2,1,4,1,1,13,3,4,3,2,4,3,0,1,1,2
955,52,0,5,2,5,8,2,2,3,3,89,2,1,4,7,0,15,2,6,3,2,2,2,2,2,0,2
956,42,1,2,1,5,17,2,4,2,3,58,3,5,4,1,0,11,4,22,3,3,22,17,11,15,0,2
957,59,1,4,1,2,9,2,6,2,2,52,3,1,3,8,0,17,4,7,2,2,2,2,2,2,0,1
958,50,0,4,0,4,11,2,1,4,4,68,3,5,4,3,0,11,3,32,3,2,7,0,0,6,0,2
959,33,1,4,1,5,17,2,14,3,3,58,3,1,4,5,1,13,3,8,2,1,5,4,0,4,1,2
960,43,0,3,1,4,11,2,16,3,4,80,3,4,4,5,1,22,3,22,3,3,17,13,1,9,0,0
961,33,0,5,1,5,17,2,2,2,1,39,3,1,1,7,0,20,1,13,3,4,9,7,1,7,1,2
962,52,1,5,2,4,11,0,2,4,1,79,2,5,3,1,1,18,4,33,2,4,33,7,15,12,0,1
963,32,1,5,2,5,17,2,1,3,4,62,2,1,3,0,1,14,4,4,2,1,3,2,1,2,1,2
964,39,0,4,0,0,5,2,1,4,3,96,3,1,3,7,0,14,3,7,1,3,3,2,1,2,0,2
965,32,1,3,1,4,18,0,26,4,3,100,3,2,4,0,0,18,1,4,2,3,3,2,2,2,0,2
966,41,1,5,0,0,5,2,19,2,3,36,3,2,1,2,0,16,1,17,2,2,1,0,0,0,0,2
967,31,1,4,0,5,8,1,3,4,2,73,3,3,3,9,0,12,1,9,3,3,2,2,2,2,0,1
968,33,0,5,1,5,17,2,5,4,3,63,2,1,4,1,0,13,3,2,2,2,2,2,0,2,0,2
969,34,1,5,1,5,17,2,2,4,4,84,2,2,1,6,0,13,2,13,3,3,11,9,5,9,0,2
970,37,0,4,1,5,8,2,1,2,3,83,2,1,1,2,0,14,1,17,2,2,3,1,0,2,0,2
971,45,1,5,1,5,8,1,7,4,1,77,4,2,3,4,0,17,4,9,1,3,3,2,0,2,0,0
972,37,1,4,0,5,17,1,10,3,1,61,3,3,3,6,0,11,2,17,5,3,1,0,0,0,1,2
973,39,0,2,2,5,17,1,2,4,3,64,3,3,3,0,0,25,4,20,1,3,19,6,11,8,0,0
974,42,0,5,2,5,17,2,17,2,4,82,4,2,1,3,1,13,3,10,1,3,3,2,0,2,0,2
975,29,1,3,0,4,18,2,20,2,4,45,3,2,4,2,0,14,4,10,2,3,3,2,0,2,0,2
976,25,0,5,1,5,17,2,1,3,1,62,3,2,3,0,0,12,4,5,3,3,4,2,1,2,0,2
977,42,0,4,0,5,17,2,2,3,4,56,2,1,1,0,1,11,3,10,4,3,9,6,7,8,0,2
978,40,1,4,0,0,5,2,2,2,1,49,3,5,3,0,0,19,4,22,5,3,21,7,3,9,0,1
979,51,1,5,1,5,17,2,1,3,3,96,3,1,4,1,0,11,2,1,0,2,1,0,0,0,0,2
980,32,1,5,1,5,8,1,7,3,2,100,4,1,2,1,0,20,3,5,3,1,5,1,0,3,0,2
981,38,1,5,1,4,18,0,2,2,4,39,2,2,4,3,0,18,4,13,0,3,8,7,7,5,0,2
982,32,1,2,2,5,17,2,2,1,4,84,2,2,1,4,0,13,4,9,5,3,6,2,0,4,0,2
983,46,0,2,1,4,11,2,2,3,3,75,1,4,2,3,1,12,2,28,2,2,7,7,7,7,0,2
984,28,1,5,2,5,17,2,2,4,1,79,3,1,3,2,0,11,3,5,5,1,0,0,0,0,1,2
985,29,1,4,1,4,18,2,2,3,1,78,2,2,2,2,0,19,2,10,2,3,0,0,0,0,0,2
986,31,1,4,1,0,5,2,23,3,2,64,2,2,4,0,0,21,2,10,2,3,9,0,7,8,0,0
987,25,1,5,0,5,17,0,5,2,2,85,4,2,1,1,0,12,4,6,2,3,6,3,1,5,0,2
988,45,1,4,1,5,8,2,20,2,3,79,3,4,4,0,1,14,2,21,2,3,20,7,4,10,0,2
989,55,1,4,2,5,17,2,1,3,4,81,3,5,1,0,1,14,3,37,2,3,36,10,4,13,0,2
990,28,1,4,1,5,8,2,9,3,4,94,3,1,4,1,0,23,4,5,3,2,5,2,0,4,0,0
991,37,1,4,1,4,18,2,6,4,3,98,3,2,4,4,0,14,2,7,5,4,5,4,0,1,0,0
992,21,1,4,2,5,17,2,3,2,4,100,2,1,3,1,0,17,1,3,4,4,3,2,1,0,0,0
993,37,0,4,0,5,17,0,1,4,1,80,3,3,4,2,1,18,1,15,2,3,5,2,0,2,0,2
994,35,0,5,0,5,8,2,22,3,2,71,4,3,2,7,0,18,2,10,6,2,7,7,6,2,0,2
995,38,0,4,0,4,18,2,7,2,1,44,4,2,1,1,1,24,3,8,3,3,8,0,7,7,0,0
996,26,0,5,0,0,5,1,1,3,3,84,3,2,2,1,0,20,1,6,6,1,6,5,1,4,0,2
997,50,1,5,0,5,17,2,4,1,1,96,3,5,2,3,0,14,1,28,4,2,10,4,1,6,0,1
998,53,1,4,1,5,8,2,3,4,3,45,3,4,3,3,1,16,4,21,5,2,5,3,1,3,0,2
999,42,1,5,1,4,18,2,1,1,2,99,3,2,3,1,0,25,3,20,3,3,20,16,11,6,0,1
1000,26,1,4,1,5,17,1,11,2,1,60,3,2,1,1,1,13,3,5,3,3,5,3,3,3,0,2
1001,37,0,5,2,5,8,2,1,3,4,42,3,1,4,1,0,12,2,17,3,3,17,12,5,7,0,2
1002,44,1,5,0,5,17,1,24,3,4,43,3,1,3,3,1,22,4,19,0,1,1,0,0,0,1,2
1003,38,1,5,0,5,17,2,23,4,4,82,3,2,4,9,0,14,2,10,2,3,2,2,1,2,0,2
1004,26,1,4,0,0,5,2,16,4,1,45,3,1,2,2,1,13,4,5,2,3,3,2,0,2,1,2
1005,28,0,5,2,5,8,2,8,2,4,66,3,1,4,1,0,21,4,5,3,3,5,3,0,2,0,0
1006,49,0,5,2,5,17,1,10,4,3,35,3,5,1,9,1,11,4,22,4,3,3,2,1,2,0,2
1007,31,0,3,0,4,14,1,5,3,4,84,3,1,2,1,0,11,3,2,5,2,2,2,2,2,0,2
1008,26,1,3,2,4,18,2,4,4,4,48,2,2,4,1,1,12,2,8,0,3,8,7,7,4,1,2
1009,37,1,4,1,5,17,1,9,3,2,53,3,1,4,1,1,12,3,4,3,2,4,2,1,2,0,1
1010,42,0,3,1,4,18,1,26,3,3,77,3,4,2,5,0,14,4,23,2,4,20,4,4,8,0,2
1011,18,1,5,2,5,17,2,3,3,3,54,3,1,3,1,0,13,3,0,2,3,0,0,0,0,1,2
1012,35,1,3,1,4,18,2,16,3,3,96,3,3,2,0,0,15,3,12,3,2,11,9,6,9,0,2
1013,36,1,5,1,5,17,1,18,4,3,81,4,1,4,4,0,18,4,4,2,3,1,0,0,0,0,2
1014,51,1,4,0,5,8,2,2,3,4,84,1,2,2,5,0,18,4,13,3,3,4,1,1,2,0,2
1015,41,1,5,2,4,11,2,2,4,4,88,3,4,2,1,0,19,2,22,2,3,22,10,0,4,0,2
1016,18,0,4,2,4,14,2,10,3,4,69,2,1,3,1,0,12,1,0,2,3,0,0,0,0,0,2
1017,28,1,4,2,0,5,2,16,2,2,68,4,2,1,0,0,19,3,9,2,3,8,3,0,7,0,2
1018,39,1,4,0,5,8,2,1,3,3,48,4,3,4,0,0,17,1,19,5,2,18,10,3,7,0,2
1019,36,0,5,1,5,8,0,24,4,2,47,3,2,2,7,0,15,3,11,3,3,9,8,0,8,0,2
1020,32,1,5,1,4,18,2,7,3,4,91,2,2,3,1,0,14,3,13,3,2,13,8,4,8,0,2
1021,38,0,5,1,5,17,2,25,2,1,81,2,3,2,3,0,17,3,19,2,3,10,8,0,1,0,2
1022,31,1,2,1,5,17,2,5,4,3,86,3,1,4,0,1,12,3,6,4,3,5,2,0,3,0,2
1023,31,1,0,1,2,9,2,2,3,1,62,2,2,1,3,0,12,4,9,1,3,2,2,1,0,0,1
1024,45,1,5,0,5,8,1,7,3,1,97,3,3,1,1,0,18,1,24,2,3,24,9,9,11,0,2
1025,31,1,5,0,5,17,2,2,4,3,32,3,1,4,0,1,18,2,3,2,1,2,2,2,2,0,2
1026,33,0,5,1,5,17,1,5,4,4,74,3,3,2,6,0,11,2,12,2,3,10,6,8,8,0,2
1027,39,1,4,1,5,17,2,10,1,3,99,3,4,1,1,1,14,4,21,3,3,21,9,11,10,0,2
1028,43,0,5,2,5,17,1,10,4,3,33,3,1,4,0,0,19,1,9,5,3,8,7,1,7,0,2
1029,49,0,2,2,5,8,2,1,2,3,90,2,4,3,7,1,12,4,25,2,3,7,1,0,7,0,2
1030,27,0,5,2,5,8,2,5,3,3,85,3,1,2,1,1,12,2,4,2,2,4,3,1,2,0,2
1031,32,0,2,1,4,18,2,8,2,3,65,2,2,2,1,1,11,4,13,2,3,13,12,11,9,0,2
1032,27,1,5,2,4,18,2,2,3,4,74,3,2,3,1,1,11,1,5,3,3,5,4,0,4,0,2
1033,31,1,3,0,4,18,2,7,3,4,73,3,2,4,4,0,12,4,13,3,3,7,7,1,7,0,2
1034,32,0,4,2,5,8,2,2,4,1,74,4,2,4,7,0,16,3,10,0,2,7,7,0,7,0,2
1035,30,0,4,1,5,1,2,28,2,4,64,3,2,4,1,0,13,4,11,2,3,10,8,1,9,0,2
1036,39,1,4,1,5,17,1,7,2,3,54,2,5,4,1,0,15,1,21,2,3,21,9,13,3,0,2
1037,39,0,4,1,4,18,2,3,2,4,41,3,2,3,4,1,18,1,12,3,2,1,0,0,0,1,2
1038,33,1,3,2,4,18,1,10,3,2,46,2,2,4,3,0,14,3,9,6,2,7,7,0,1,0,0
1039,47,1,5,1,0,5,2,5,5,4,42,3,5,3,4,0,11,2,21,2,3,3,2,1,1,0,2
1040,27,1,3,1,4,18,0,1,1,3,73,3,2,2,0,1,13,4,6,0,3,5,4,1,4,0,2
1041,43,0,5,1,5,1,2,7,3,3,43,3,3,1,8,0,16,1,10,1,2,1,0,0,0,0,2
1042,45,1,1,1,5,17,2,8,4,4,75,3,2,4,9,0,14,1,12,3,3,10,9,9,8,0,2
1043,40,1,4,1,4,18,2,1,2,2,57,1,2,4,2,1,22,3,6,2,2,4,3,0,2,0,2
1044,29,1,1,1,5,17,2,8,4,2,77,1,1,1,1,1,11,4,7,4,2,7,7,0,7,1,2
1045,30,0,3,0,4,18,2,5,3,4,30,2,2,3,1,0,13,3,10,2,3,10,9,1,2,0,2
1046,27,0,3,1,4,18,2,8,4,2,56,3,2,2,1,0,18,1,8,3,3,8,7,0,7,0,2
1047,37,1,4,0,5,1,2,5,2,4,61,3,2,4,7,0,16,3,8,2,2,6,2,0,4,0,2
1048,38,1,5,0,5,17,2,15,2,3,92,2,3,4,0,1,14,2,12,3,3,11,10,2,9,0,2
1049,31,0,4,2,5,1,2,7,4,3,39,3,3,4,1,1,14,3,11,2,2,11,9,4,10,0,2
1050,29,0,3,0,4,18,2,10,1,4,39,2,2,2,1,1,14,1,7,2,3,7,7,1,7,0,2
1051,35,1,2,2,5,1,2,5,4,3,62,3,3,2,0,0,13,4,17,5,3,16,6,0,13,0,2
1052,41,1,4,2,5,17,2,6,3,4,95,2,2,2,6,1,15,4,8,3,3,5,4,1,2,0,2
1053,47,1,4,2,4,14,1,4,1,2,99,3,2,3,3,0,19,1,5,3,3,0,0,0,0,0,2
1054,42,0,5,2,5,17,2,23,5,1,44,3,4,4,2,0,14,2,16,2,3,1,0,0,0,0,2
1055,29,1,5,1,4,18,0,2,3,4,61,3,2,3,1,0,14,1,4,3,2,4,3,0,2,0,2
1056,42,1,2,0,2,9,2,2,1,3,52,3,1,3,0,1,11,3,4,5,3,3,2,1,0,0,2
1057,37,1,4,0,5,1,2,6,3,3,51,4,2,1,4,1,13,1,13,2,3,7,7,6,7,0,2
1058,26,1,5,1,4,18,2,1,3,3,57,3,2,3,1,0,17,2,8,3,3,8,7,7,7,0,2
1059,21,0,2,2,4,14,1,1,1,1,99,2,1,2,1,1,11,3,3,3,3,3,2,1,2,1,1
1060,36,0,4,2,4,18,0,1,5,4,45,3,2,4,4,0,15,2,7,6,3,1,0,0,0,0,2
1061,36,1,4,1,4,18,1,3,4,1,48,2,3,4,4,0,11,1,16,2,3,13,9,1,12,0,1
1062,57,1,4,1,5,17,2,1,4,4,88,3,2,3,2,0,11,3,15,2,3,3,2,1,2,0,2
1063,40,0,5,1,5,1,2,10,4,4,46,4,1,3,3,1,13,3,10,3,3,7,7,1,7,0,2
1064,21,1,4,2,4,14,0,9,2,1,39,3,1,4,1,0,24,3,3,3,2,3,2,2,2,0,1
1065,41,1,3,2,4,18,1,4,3,1,56,3,2,2,1,0,18,3,8,5,3,8,7,7,7,1,1
1066,40,1,3,1,4,18,2,22,2,3,68,2,2,3,2,1,12,1,8,6,3,6,4,1,0,1,2
1067,31,1,5,2,5,17,2,9,4,3,42,2,1,2,0,1,16,4,3,5,3,2,2,2,2,0,2
1068,21,0,5,2,4,14,2,12,3,3,90,4,1,2,1,0,15,4,1,0,3,1,0,0,0,1,2
1069,29,1,5,2,5,1,2,23,3,4,54,3,1,4,9,0,16,4,6,4,3,3,2,1,2,0,2
1070,35,1,5,2,5,17,2,9,4,3,97,2,2,2,9,0,19,3,10,5,3,1,1,0,0,0,2
1071,27,1,4,0,0,5,2,1,2,4,82,3,1,2,1,0,11,2,5,2,3,5,2,0,4,0,2
1072,28,1,5,2,4,18,2,9,4,2,92,3,2,4,1,0,16,4,7,1,3,7,5,0,7,0,2
1073,49,1,1,2,5,1,2,7,3,2,31,2,3,3,8,0,24,3,26,2,3,5,2,0,0,0,2
1074,51,0,5,1,4,18,2,14,2,3,87,3,2,4,4,0,11,3,18,2,2,7,7,0,7,0,2
1075,36,0,5,1,5,17,2,2,3,4,96,3,1,3,4,0,13,2,6,3,3,2,2,2,2,0,2
1076,34,1,3,2,4,18,0,19,3,1,67,4,2,4,8,1,13,2,9,3,2,5,2,0,4,1,2
1077,55,0,5,2,5,1,2,2,3,3,97,3,4,4,2,1,13,3,30,2,3,5,4,1,2,0,2
1078,30,1,2,1,4,14,2,2,1,3,72,3,1,2,1,0,18,1,1,3,3,1,0,0,0,0,2
1079,26,1,2,2,5,17,1,3,1,3,73,3,1,1,0,0,22,3,7,2,3,6,4,0,4,1,0
1080,22,0,4,1,5,17,2,11,3,1,43,3,1,2,1,0,13,4,2,1,3,2,1,1,2,0,2
1081,36,1,4,1,4,18,2,2,2,2,61,2,3,3,1,0,13,2,10,2,3,10,9,9,0,0,1
1082,30,1,2,2,5,17,1,4,3,3,40,3,1,4,9,1,23,3,3,4,3,1,0,0,0,1,0
1083,37,0,5,0,5,1,2,14,3,4,95,3,1,1,1,0,12,3,18,2,2,18,7,12,17,0,2
1084,40,0,3,0,4,18,2,2,2,4,46,3,2,2,7,0,12,3,8,5,3,5,4,1,3,0,2
1085,37,1,5,2,5,1,2,10,4,3,49,3,2,2,2,1,12,4,18,2,2,1,0,0,1,0,2
1086,43,1,5,0,5,17,2,12,3,1,59,2,4,2,1,0,11,3,25,3,3,25,10,3,9,0,1
1087,40,0,4,1,5,17,2,2,3,2,78,2,2,3,6,0,22,2,20,3,3,1,0,0,0,0,0
1088,54,1,4,1,5,17,2,5,2,1,86,3,5,1,4,0,11,3,24,4,2,4,2,1,2,0,2
1089,31,0,4,1,5,17,2,7,2,2,31,3,2,1,1,0,12,2,13,5,1,13,10,3,12,0,2
1090,43,1,4,1,5,17,1,21,3,4,61,3,1,4,7,0,20,1,8,1,3,3,2,1,2,0,0
1091,25,0,5,2,4,18,2,4,2,2,99,2,2,4,1,1,11,2,5,3,3,5,4,1,3,0,1
1092,37,0,4,1,5,12,0,25,5,2,72,3,2,3,3,1,15,1,15,2,3,13,11,10,7,0,2
1093,31,1,5,1,5,17,2,1,2,4,98,2,1,1,1,0,12,3,4,3,3,4,2,3,2,0,2
1094,39,1,5,0,5,12,1,1,1,2,52,3,5,3,1,1,14,3,21,3,3,21,8,1,6,0,1
1095,30,0,2,2,4,18,2,12,3,2,83,3,2,3,0,0,11,2,6,6,3,5,4,4,4,0,1
1096,41,1,3,1,4,18,2,1,3,2,49,4,3,1,1,0,16,3,10,2,3,10,7,0,7,0,2
1097,28,1,4,0,5,12,2,17,2,3,79,3,2,1,1,0,12,4,10,2,3,10,0,1,8,0,2
1098,25,1,4,1,5,17,2,3,3,1,91,3,1,1,5,0,13,3,6,5,3,2,2,0,2,1,2
1099,52,1,4,1,5,17,2,3,3,4,39,2,3,3,2,1,14,3,28,4,3,5,4,0,4,0,2
1100,45,1,5,1,5,17,2,10,2,1,69,3,1,4,3,0,21,4,8,3,2,2,2,0,2,0,2
1101,52,0,5,1,0,5,2,4,2,4,30,3,4,4,2,0,13,4,31,2,1,5,2,1,4,0,2
1102,42,0,5,0,5,17,1,29,2,1,92,3,2,3,2,0,11,2,19,3,3,5,4,0,2,0,2
1103,30,0,5,2,5,17,2,2,3,3,43,1,2,4,2,0,20,3,11,2,3,5,4,0,2,0,0
1104,60,0,5,1,5,17,2,7,3,1,41,3,5,1,5,0,11,4,33,5,1,29,8,11,10,0,2
1105,46,0,4,0,0,5,2,18,3,3,87,3,2,3,2,0,14,3,19,5,2,10,7,0,8,0,2
1106,24,0,2,2,4,14,2,1,1,1,62,3,1,2,1,1,16,2,6,4,3,5,3,1,4,1,2
1107,34,0,3,0,4,14,1,6,2,4,33,1,1,3,0,0,16,4,3,3,2,2,2,1,0,1,2
1108,38,1,5,1,0,5,1,2,2,4,42,3,1,4,1,1,23,3,1,3,3,1,0,0,0,0,0
1109,40,0,5,1,4,11,2,2,4,3,79,3,5,3,0,0,14,4,21,2,3,20,15,1,12,0,2
1110,26,0,5,0,5,12,2,23,3,1,90,3,1,4,1,0,22,2,3,3,1,3,2,0,2,0,2
1111,30,1,5,1,5,12,0,3,3,3,53,3,1,4,4,0,15,3,9,3,1,5,3,1,4,0,2
1112,29,1,4,1,5,17,2,3,4,2,93,2,3,3,1,0,18,3,10,2,3,10,2,0,7,0,2
1113,29,0,2,1,5,17,2,25,5,3,71,2,1,2,5,0,16,2,6,2,4,2,2,1,1,1,2
1114,19,1,2,2,2,9,2,2,2,1,52,2,1,4,1,0,12,3,1,3,4,1,0,0,0,1,2
1115,30,0,1,1,4,18,0,22,4,3,69,3,3,1,0,0,11,3,10,3,3,9,8,7,8,0,2
1116,57,1,3,0,4,11,2,29,3,1,56,2,4,4,3,0,12,3,32,3,2,1,0,0,0,0,2
1117,50,1,5,1,5,12,2,29,4,2,88,2,4,3,0,0,15,2,28,2,3,27,10,15,7,0,2
1118,47,0,4,0,5,17,2,2,2,1,65,3,2,4,5,0,13,3,20,2,3,5,0,0,4,0,2
1119,46,1,5,1,5,12,2,2,3,1,51,3,4,3,6,0,13,3,26,2,1,3,2,0,1,0,2
1120,35,1,5,2,5,17,2,22,3,4,46,1,1,3,0,0,15,3,6,2,3,5,4,4,3,0,2
1121,54,0,5,2,5,17,2,8,4,3,42,3,2,3,7,0,11,3,19,3,3,1,0,0,0,0,2
1122,34,1,5,0,5,12,2,2,4,4,62,2,1,3,3,0,12,3,14,3,3,7,3,5,7,0,2
1123,46,0,3,1,4,18,2,10,3,3,94,2,3,4,2,1,19,3,15,3,3,3,2,1,2,0,2
1124,31,1,5,0,5,12,2,9,1,3,33,3,3,2,1,0,25,4,13,6,4,13,8,0,8,0,2
1125,33,1,4,1,5,12,2,15,1,2,56,3,3,3,7,1,12,4,15,2,4,7,6,7,7,1,1
1126,33,1,4,0,5,17,2,10,1,1,38,1,1,4,7,0,13,1,8,2,3,4,3,1,3,1,2
1127,30,1,3,2,4,14,2,7,1,4,57,3,1,2,0,0,14,1,4,3,3,3,2,1,2,0,2
1128,35,1,5,1,5,12,2,16,3,4,72,3,3,3,4,1,12,3,10,2,3,8,7,0,0,0,2
1129,31,1,5,1,5,17,1,20,3,1,66,3,3,3,3,0,12,1,12,2,3,1,0,0,0,1,2
1130,34,0,0,0,2,9,1,23,3,2,43,3,3,1,9,1,15,3,11,2,3,3,2,0,2,1,2
1131,42,1,1,1,0,5,1,5,2,2,97,3,1,3,4,0,17,4,8,4,3,2,2,2,0,0,2
1132,36,1,4,2,4,18,0,10,4,2,32,3,3,4,1,0,14,4,10,3,2,10,3,9,7,0,1
1133,22,1,2,2,5,12,1,4,1,3,99,2,1,3,5,0,16,3,4,3,3,2,2,1,2,1,2
1134,48,0,3,1,4,18,2,2,5,2,37,3,2,4,2,0,14,1,14,2,3,9,7,6,7,0,1
1135,55,0,5,2,4,11,2,18,5,1,83,3,4,2,3,0,23,4,37,2,3,10,9,7,7,0,1
1136,41,1,5,2,4,18,0,10,2,4,56,3,2,4,7,0,14,4,16,3,3,14,3,1,10,0,2
1137,35,1,3,1,4,18,2,1,3,2,85,3,2,3,9,0,11,3,15,2,3,11,9,6,9,0,1
1138,39,0,5,1,5,17,1,8,1,3,48,3,1,3,1,0,11,1,8,3,3,8,3,0,7,0,2
1139,31,1,5,2,4,18,2,2,1,2,77,3,2,4,4,1,13,3,10,2,4,6,5,0,5,0,2
1140,42,1,4,1,5,17,2,24,3,4,56,3,3,1,1,1,21,4,10,5,2,10,9,5,8,0,0
1141,45,1,1,1,4,18,2,2,3,4,61,3,2,2,0,0,19,2,9,3,4,8,7,3,7,0,2
1142,33,0,4,0,5,17,2,1,5,1,95,4,4,3,4,0,19,3,10,2,3,6,1,0,5,0,2
1143,31,1,5,0,4,11,2,7,3,3,44,2,3,4,9,0,21,3,10,3,2,5,4,0,1,0,0
1144,18,1,3,2,4,14,1,5,3,2,69,3,1,2,1,1,14,4,0,3,3,0,0,0,0,1,2
1145,40,1,1,0,4,18,0,28,3,3,58,1,3,1,3,0,15,3,20,2,3,1,0,0,1,0,2
1146,41,0,1,2,5,17,0,2,4,1,62,2,2,3,2,1,17,1,10,3,3,8,7,0,7,0,2
1147,35,0,4,2,4,18,2,1,3,1,80,3,2,3,1,0,16,4,5,3,3,5,4,0,3,0,2
1148,34,1,5,2,4,18,2,21,4,4,74,4,2,4,1,0,12,4,10,3,3,10,7,5,7,0,2
1149,26,1,2,2,5,17,2,24,3,3,66,1,1,4,1,1,18,2,1,3,1,1,0,0,0,1,2
1150,37,0,2,2,5,17,2,1,3,2,59,3,3,4,4,0,17,4,12,3,4,6,5,1,2,0,0
1151,46,0,4,1,5,12,1,18,1,1,86,3,3,3,5,0,11,4,28,3,2,2,2,1,2,0,1
1152,41,0,5,1,4,11,2,2,5,2,91,3,4,1,7,0,16,2,22,2,3,18,16,11,8,0,1
1153,52,1,2,0,5,17,2,6,2,4,78,3,2,1,3,1,12,2,18,3,3,10,9,6,9,0,2
1154,38,0,4,1,0,5,2,10,3,3,76,3,2,3,3,0,19,3,18,4,3,1,0,0,0,0,2
1155,37,0,5,1,5,17,2,1,4,2,65,3,2,2,6,0,12,2,8,2,2,6,5,4,3,0,2
1156,49,1,5,0,5,12,2,18,4,4,58,2,5,3,1,1,17,3,31,5,3,31,9,0,9,0,2
1157,24,1,4,1,5,17,2,23,3,2,89,4,1,4,1,1,11,2,6,3,3,6,5,1,4,0,2
1158,26,1,3,1,4,18,2,28,2,1,66,3,2,2,1,0,20,4,6,5,4,5,3,1,4,0,2
1159,24,1,1,1,5,17,2,17,2,4,94,2,1,2,1,0,21,4,1,2,3,1,0,0,0,0,0
1160,50,1,4,1,2,11,1,3,3,1,99,3,5,2,1,0,11,3,32,2,3,32,5,10,7,0,1
1161,25,1,4,1,4,14,2,13,1,2,40,3,1,3,1,0,11,3,7,1,3,7,4,0,6,0,2
1162,24,0,5,1,5,12,1,7,3,1,55,3,1,3,1,1,16,4,6,4,3,6,3,1,2,1,1
1163,34,1,5,1,5,17,2,1,2,2,83,2,1,4,1,1,13,4,6,3,3,6,5,1,3,0,2
1164,31,1,4,0,4,18,2,13,4,2,46,3,2,1,2,0,17,3,9,2,1,3,1,1,2,1,2
1165,31,1,4,0,4,18,2,6,4,1,66,4,2,4,4,0,22,4,13,4,4,7,7,5,7,0,1
1166,27,0,4,0,5,17,2,6,4,1,66,2,1,3,0,0,12,3,6,5,2,5,3,0,3,0,2
1167,37,1,3,1,4,18,2,2,3,4,75,3,2,3,4,1,11,3,17,3,2,3,0,1,0,0,2
1168,42,0,5,1,5,17,2,2,4,3,81,3,2,4,1,0,13,2,10,4,3,10,2,2,2,0,2
1169,43,1,1,0,5,17,2,6,4,2,50,2,4,4,4,1,14,3,21,3,2,1,0,0,0,0,2
1170,38,0,5,2,5,17,2,1,1,3,43,3,1,1,3,0,17,4,8,3,2,0,0,0,0,0,2
1171,43,1,4,0,5,12,1,9,5,4,72,3,2,3,3,1,13,2,10,3,3,8,7,4,7,0,2
1172,48,0,5,1,5,12,2,1,4,4,40,2,4,1,7,0,11,1,21,3,1,3,2,0,2,0,2
1173,44,0,5,2,2,9,2,1,4,1,50,2,2,3,4,0,11,2,10,1,4,2,2,0,2,0,2
1174,34,0,2,0,4,14,2,14,3,3,31,3,1,3,1,1,18,4,8,3,3,8,2,0,6,0,2
1175,27,1,3,0,4,14,2,2,1,3,85,3,1,1,0,0,11,2,5,3,3,4,3,0,2,1,2
1176,21,1,2,2,4,14,2,22,1,3,49,3,1,3,1,0,11,3,3,2,3,3,2,1,2,0,2
1177,44,1,1,1,5,12,2,3,4,4,35,3,5,4,4,1,12,1,26,2,4,2,2,0,1,0,2
1178,22,1,4,1,5,17,2,6,1,1,69,3,1,3,0,0,20,4,3,3,3,2,2,2,2,0,2
1179,32,0,5,1,5,17,2,9,4,1,92,3,2,4,1,1,12,4,6,2,2,6,4,0,5,0,2
1180,30,0,4,0,5,17,1,3,3,3,71,3,1,3,1,0,20,3,1,2,3,1,0,0,0,0,0
1181,34,1,5,1,5,12,2,1,5,2,42,3,1,4,1,0,12,4,10,4,2,10,9,8,8,0,2
1182,26,0,5,1,5,17,2,6,3,3,71,3,1,4,1,1,13,3,3,2,3,3,2,0,2,0,2
1183,37,1,1,1,5,17,2,3,3,3,36,3,3,3,1,0,15,3,10,2,3,10,7,7,8,0,2
1184,29,0,4,1,4,18,2,3,2,2,62,3,2,3,1,0,14,1,6,5,2,6,0,1,2,0,2
1185,35,1,5,2,5,12,2,6,4,2,82,1,2,4,1,0,13,2,17,3,3,17,11,11,8,0,2
1186,54,1,4,1,2,9,2,19,4,3,88,3,3,2,2,0,15,3,16,1,4,9,7,7,1,0,2
1187,36,1,4,0,5,17,2,9,2,2,48,2,2,2,2,1,11,3,13,2,3,3,2,0,2,0,2
1188,20,1,4,2,5,12,2,10,1,4,32,3,1,3,1,1,11,4,1,5,3,1,0,1,1,1,2
1189,33,1,5,2,5,12,1,3,3,1,70,3,1,1,1,1,11,1,10,3,3,10,8,9,7,1,2
1190,23,1,4,1,5,17,2,4,3,1,58,4,1,1,2,0,16,1,5,3,4,3,2,0,2,0,0
1191,25,1,5,1,4,18,2,8,3,4,57,4,2,2,0,0,22,3,4,4,3,3,2,1,2,0,0
1192,38,0,3,2,4,18,2,7,4,4,46,2,2,4,0,0,20,1,8,2,3,7,7,0,5,0,0
1193,29,1,5,0,5,17,1,1,4,2,76,1,1,4,1,0,18,4,10,5,3,10,7,2,8,0,2
1194,48,1,3,1,4,18,2,2,1,2,56,4,2,2,3,0,12,4,12,3,3,2,2,2,2,0,2
1195,27,0,4,0,4,18,1,3,1,4,71,4,2,4,1,1,20,2,6,3,3,6,5,0,4,0,0
1196,37,1,5,2,5,12,2,10,2,4,80,4,1,4,3,0,17,1,4,2,3,1,0,0,0,0,2
1197,50,1,4,1,5,12,2,28,1,4,74,4,1,3,1,1,11,3,20,3,3,20,8,3,8,0,2
1198,34,0,4,2,0,5,2,9,3,4,46,2,3,2,1,0,14,2,9,3,4,8,7,7,7,0,2
1199,24,0,5,2,4,18,2,3,2,1,65,3,2,3,9,0,14,1,4,3,3,2,2,2,0,1,1
